Date,Ticker,Close,High,Low,Open,Volume
2025-01-02,AAPL,242.09312438964844,247.3052993793268,240.0777512722144,247.13651085819407,55740700
2025-01-02,GOOGL,188.3246612548828,190.87967248578357,186.405930161898,189.5375437207165,20370800
2025-01-02,MSFT,412.8953247070313,420.2836247921959,409.21600045312425,419.7509500092328,16896500
2025-01-03,AAPL,241.60665893554688,242.4207431843357,240.14724866814672,241.60665893554688,40244100
2025-01-03,GOOGL,190.6708831787109,192.08261071335764,188.87144710211905,190.2533357330172,18596200
2025-01-03,MSFT,417.6005554199219,418.2713132207811,413.8423008464514,415.3613646713754,16662900
2025-01-06,AAPL,243.23483276367188,245.54804748087852,241.4477983095151,242.549801627174,45045600
2025-01-06,GOOGL,195.7212371826172,197.06336585299624,192.7188701348508,192.8481012552134,29563600
2025-01-06,MSFT,422.03948974609375,428.4216236128431,419.7016808979234,422.1874466156374,20573600
2025-01-07,AAPL,240.4649658203125,243.78089861816605,239.6111612224788,241.22940732447117,40856000
2025-01-07,GOOGL,194.34930419921875,199.82714740579908,193.46449803391357,195.9598465030939,26487200
2025-01-07,MSFT,416.6338806152344,424.801430542522,415.0851952170159,423.1738448521772,18139100
2025-01-08,AAPL,240.9514312744141,241.9541642850798,238.3205296252371,240.17705210413348,37628900
2025-01-08,GOOGL,192.8182830810547,195.14462535167837,191.2574520458894,191.44634580773328,24864800
2025-01-08,MSFT,418.7941284179688,421.171402275518,415.81515330470927,417.709061289588,15054600
2025-01-10,AAPL,235.14358520507807,238.42973539672147,231.3213170399406,238.28080700459316,61710900
2025-01-10,GOOGL,190.9194183349609,195.37328795351277,189.19951732698908,193.16624068951896,26665200
2025-01-10,MSFT,413.2603454589844,418.9420997125399,409.383695034764,418.8631994200863,20201100
2025-01-13,AAPL,232.7112274169922,232.97928640713008,228.0649523818292,231.8475002973708,49630700
2025-01-13,GOOGL,189.8954315185547,190.06443773067767,186.26673571233505,188.96092925794852,21823700
2025-01-13,MSFT,411.5242309570313,412.8164377086338,406.690782868284,409.6007014640922,17604800
2025-01-14,AAPL,231.5992584228516,234.41879309886707,230.7950967507139,233.0586685496393,39435300
2025-01-14,GOOGL,188.5533142089844,190.8597688353095,187.21118555715896,190.12409653498483,17174900
2025-01-14,MSFT,410.0248718261719,414.0395749911103,405.14208486737954,412.1357932076061,16935900
2025-01-15,AAPL,236.1562042236328,237.2383625727966,232.74098609709984,232.94947976770305,39832000
2025-01-15,GOOGL,194.408935546875,195.2142066320414,190.74046489689357,191.9632833903036,21776000
2025-01-15,MSFT,420.5203552246094,422.3353628905166,412.58953664498,413.43787278736687,19637800
2025-01-16,AAPL,226.61544799804688,236.29520209930607,226.3871093224655,235.6399687194268,71759100
2025-01-16,GOOGL,191.78436279296875,194.33935880818177,191.6849402307685,193.0071814253157,17815400
2025-01-16,MSFT,418.8138732910156,423.6571954367501,418.6264813277784,422.8779459009496,15300000
2025-01-17,AAPL,228.3230438232422,230.61639839146835,226.8338509712665,230.44762501944007,68488300
2025-01-17,GOOGL,194.85630798339844,196.0791264849475,192.61943710093595,195.3832141332428,27735100
2025-01-17,MSFT,423.2034606933594,428.57945778773313,422.3551545656704,428.1947398206691,26197500
2025-01-21,AAPL,221.0359344482422,222.8031087860845,217.79942737812888,222.38613659782595,98070400
2025-01-21,GOOGL,196.8943634033203,201.10961291187692,196.7154058313,197.908415858762,29971300
2025-01-21,MSFT,422.6806335449219,425.0480336398343,419.82002384260585,424.3575582513444,26085700
2025-01-22,AAPL,222.2173767089844,222.5052806842356,218.2064751614249,218.2064751614249,64126500
2025-01-22,GOOGL,197.2124938964844,199.31018252245175,196.3773989893062,197.898470130864,26200600
2025-01-22,MSFT,440.1402587890625,441.1957044539868,430.0787709144918,431.6175824572203,27803800
2025-01-23,AAPL,222.0485992431641,225.394314538592,220.69839703644928,223.1208199792776,60234800
2025-01-23,GOOGL,196.8247833251953,199.1312534169042,194.06100582652095,196.9838533666416,26951400
2025-01-23,MSFT,440.643310546875,440.68277574358376,435.50407496539947,435.9972845633218,18389300
2025-01-24,AAPL,221.1749420166016,224.0044147616684,219.8148172645265,223.16053267311037,54697900
2025-01-24,GOOGL,199.0417938232422,199.7277549737228,196.84468236058584,196.94410493473055,23877500
2025-01-24,MSFT,438.029296875,440.5841189283991,435.4054182545328,439.1143639891968,15549500
2025-01-27,AAPL,228.2039337158203,230.47742834163907,222.36629236472388,222.40601266103107,94863400
2025-01-27,GOOGL,190.69076538085935,195.7311886614368,189.61706547784132,191.28727038356465,41728900
2025-01-27,MSFT,428.6583251953125,429.2896479328885,417.74853125025015,418.2516146753107,35647800
2025-01-28,AAPL,236.5434112548828,238.45951413038736,229.1470890329199,229.1868093297106,75707600
2025-01-28,GOOGL,194.1604156494141,194.33935805697908,189.56736331512155,191.6252920206379,24157900
2025-01-28,MSFT,441.1266479492188,442.2906153004339,425.5214900534852,428.6977608632086,23491700
2025-01-29,AAPL,237.63548278808597,238.1318804363608,232.32402189200357,232.43322998057815,45486100
2025-01-29,GOOGL,194.26976013183597,195.64169733166847,192.30130277467072,194.41887879385516,18218300
2025-01-29,MSFT,436.3227844238281,440.81100977301065,434.41900262341227,440.6235877197962,23581400
2025-01-30,AAPL,235.8782196044922,239.05516137192973,235.500967711044,236.95044029141235,55658300
2025-01-30,GOOGL,199.6978912353516,200.2247973993167,196.51656670676425,196.8446429320212,24354700
2025-01-30,MSFT,409.3540954589844,417.1172097708342,407.5489615626973,413.0827588425547,54586300
2025-01-31,AAPL,234.29966735839844,245.40904807772532,231.7581140684966,245.40904807772532,100959800
2025-01-31,GOOGL,202.82952880859372,204.28100107943345,200.62248149891727,200.82131144659704,32001100
2025-01-31,MSFT,409.4231872558594,414.97673266362114,409.2752303832896,413.2899641100712,34161900
2025-02-03,AAPL,226.36724853515625,230.15973381299625,224.0738938399255,228.33299411580023,73063300
2025-02-03,GOOGL,200.05581665039065,202.5611166722236,198.93242052734664,199.51897423058907,27838300
2025-02-03,MSFT,405.3393859863281,409.7683985075356,403.1100689884043,406.0101438094314,25679100
2025-02-04,AAPL,231.1227569580078,231.4503812363357,225.01705656002383,225.6127398204117,45067300
2025-02-04,GOOGL,205.1757659912109,205.84185468330165,201.62658985975028,202.20320734762427,43856400
2025-02-04,MSFT,406.7696838378906,408.2986516716073,404.1753965052981,407.0853452090854,20532100
2025-02-05,AAPL,230.79513549804688,230.9936915376493,226.62539807097704,226.8835194075747,39620300
2025-02-05,GOOGL,190.2135772705078,191.62528964623425,186.93282997802248,189.9550998506434,70373900
2025-02-05,MSFT,407.6772155761719,408.2098602907994,404.8264495269334,406.749979083578,16316700
2025-02-06,AAPL,231.5397186279297,232.1155417136993,228.7698112868805,229.62361584180036,29925300
2025-02-06,GOOGL,190.48199462890625,190.97907706252056,187.61879495696715,188.39424233982533,29297400
2025-02-06,MSFT,410.1728210449219,412.5205034548323,408.3775309546229,408.3775309546229,16309800
2025-02-07,AAPL,225.98997497558597,232.3140755170278,225.6226304523949,230.92416830424463,39707200
2025-02-07,GOOGL,184.25851440429688,190.0644336371024,182.17077726737304,189.9352025187049,49315000
2025-02-07,MSFT,404.1852722167969,412.9643971851394,402.5576865372201,410.8238843523212,22886800
2025-02-10,AAPL,226.2583465576172,229.18037646801733,225.8111004860379,228.16662274990708,33115600
2025-02-10,GOOGL,185.38194274902344,187.1018438956916,184.77550151190877,186.25681277496037,23105600
2025-02-10,MSFT,406.6217041015625,409.8176925215145,405.33937124502273,408.0914590052598,20817900
2025-02-11,AAPL,231.1979522705078,233.79199753404615,226.7354100570617,226.80497424991785,53718400
2025-02-11,GOOGL,184.23866271972656,185.8492051447597,183.2047226379184,183.95034637836025,21239500
2025-02-11,MSFT,405.852294921875,406.88802298158646,403.74134350470337,404.0767525043344,18140600
2025-02-12,AAPL,235.42198181152344,235.5114431570428,229.2698195612854,229.7866449882993,45243300
2025-02-12,GOOGL,182.5386199951172,184.0298673622676,180.7690076663456,182.1508962864482,22072600
2025-02-12,MSFT,403.4848937988281,405.1716621007933,398.87830316572246,401.6797299133385,19121700
2025-02-13,AAPL,240.053466796875,240.85851264219508,234.12991022790985,235.46171484030373,53614100
2025-02-13,GOOGL,185.05386352539065,185.1930460118556,182.07136866992408,183.244491201346,21402500
2025-02-13,MSFT,404.9645690917969,405.4183135199023,400.84131373042015,401.472636502677,23891700
2025-02-14,AAPL,243.104736328125,244.0489258287467,239.5168040933544,239.77520922194773,40896200
2025-02-14,GOOGL,184.149169921875,185.31234109604225,183.2444913440249,183.980163700304,20448400
2025-02-14,MSFT,402.8831787109375,403.3566707547541,400.3678218416371,402.2518860889732,22758500
2025-02-18,AAPL,242.9755096435547,243.6811607859394,240.36158248040348,242.6574585849239,48822500
2025-02-18,GOOGL,182.69769287109372,184.8749164882504,180.679539282988,184.51701650776232,29916700
2025-02-18,MSFT,404.0768127441406,405.02376683445937,400.9794417214404,402.45907065768193,21423100
2025-02-19,AAPL,243.3730926513672,244.506123168016,241.6735544591497,243.16438488450396,32204200
2025-02-19,GOOGL,184.18893432617188,184.3778280833638,182.51872941446396,182.99593948623905,19549400
2025-02-19,MSFT,409.1371154785156,409.84733856693146,402.1138149948078,402.3407022671933,24114200
2025-02-20,AAPL,244.32720947265625,245.2713989598738,242.7966152101895,243.4426507707668,32316900
2025-02-20,GOOGL,183.4830780029297,184.22870170428732,181.65381816300632,183.72168304847523,20441500
2025-02-20,MSFT,411.3016662597656,414.4447616167347,407.7533244956175,410.47141636340496,23508700
2025-02-21,AAPL,244.0489044189453,247.1697083342209,243.72091995824803,244.44645306890683,53197400
2025-02-21,GOOGL,178.61166381835938,184.25851298688883,178.03504637457257,184.0696192348162,35199200
2025-02-21,MSFT,403.47357177734375,413.1993956224997,403.15730762956775,412.4976421272199,27524800
2025-02-24,AAPL,245.5894470214844,247.33868242018207,242.92582237394555,243.43269920852308,51326400
2025-02-24,GOOGL,178.20407104492188,182.0514846282233,177.84617104858543,180.9280885264688,29854200
2025-02-24,MSFT,399.3124084472656,404.6200957828949,394.6867174896375,403.7700887978409,26443700
2025-02-25,AAPL,245.52978515625,248.4716967182176,243.4128166127568,246.48392314447185,48013300
2025-02-25,GOOGL,174.39639282226562,177.69702734245087,173.6706567432134,177.00109982499515,41913400
2025-02-25,MSFT,393.283203125,397.25657880262406,392.09714469384,396.4460859350655,29387400
2025-02-26,AAPL,238.89064025878903,243.48239258336395,237.66816369812489,242.83637220684057,44433600
2025-02-26,GOOGL,171.72210693359375,175.05256557173047,170.57882331320525,174.0484644370393,35431300
2025-02-26,MSFT,395.0919799804688,398.9170718958632,389.6755530638089,393.3919357776839,19619000
2025-02-27,AAPL,235.84934997558597,240.9778097055873,235.61081167459412,237.94645181292125,41153600
2025-02-27,GOOGL,167.5167999267578,173.54143730705212,166.96006996247044,172.97477115402882,39991000
2025-02-27,MSFT,387.97552490234375,401.0322425664148,387.6197164134029,396.61410618114576,21127400
2025-02-28,AAPL,240.3615875244141,240.61005923211764,228.7927454203557,235.5014815283524,56833400
2025-02-28,GOOGL,169.28640747070312,169.61448372650818,165.7968939367366,167.69573747342162,48130600
2025-02-28,MSFT,392.38372802734375,393.0163166062088,382.0846478468725,388.1039821513057,32845700
2025-03-03,AAPL,236.5749053955078,242.53822699216576,234.6666443044386,240.3119148031628,47184000
2025-03-03,GOOGL,166.03546142578125,172.35835029914594,164.96176159787956,170.92675052861034,40770500
2025-03-03,MSFT,383.9823913574219,394.1925506012372,381.6794393165997,394.1925506012372,23007700
2025-03-04,AAPL,234.48768615722656,238.6023917296681,233.24532775941432,236.25681846797832,53798100
2025-03-04,GOOGL,169.92266845703125,172.27883449293637,164.8325488565178,165.2699838540156,45388000
2025-03-04,MSFT,384.1009521484375,388.0248895313717,376.5792652913011,378.9514121108331,29342900
2025-03-05,AAPL,234.2988739013672,235.1039197629907,227.82866128733943,233.98082285378285,47227600
2025-03-05,GOOGL,172.01040649414062,172.76596631858905,168.07350701574754,169.52499437059117,30954900
2025-03-05,MSFT,396.3669738769531,397.0094560898268,384.2986543499986,384.822503579622,23433100
2025-03-06,AAPL,233.8913726806641,236.4059049662456,231.73464023473684,233.0068140722837,45170400
2025-03-06,GOOGL,171.3443145751953,173.78995156274516,169.50510357118512,169.5349273025149,28302000
2025-03-06,MSFT,392.2849426269531,397.4838909032578,388.12376908504734,389.70521049036057,23304600
2025-03-07,AAPL,237.6085357666016,239.89446338205195,233.3248707174565,233.6727371800736,46273600
2025-03-07,GOOGL,172.8455047607422,173.94902837231132,169.2764565211612,170.26067003299855,27385800
2025-03-07,MSFT,388.7464904785156,390.21919261692045,381.06665528777256,387.767986927601,22034100
2025-03-10,AAPL,226.08937072753903,234.71631625547707,222.84930513729452,234.10009611136832,72071200
2025-03-10,GOOGL,165.09205627441406,167.66992058295483,162.922287876859,167.47084644350338,43604000
2025-03-10,MSFT,375.7490539550781,381.9166423511981,372.8431639999478,381.3631423753148,32840100
2025-03-11,AAPL,219.48997497558597,224.45940937640347,216.1206990584521,222.4418202229124,76137400
2025-03-11,GOOGL,163.27064514160156,165.96794191446463,160.6131692734442,164.1365751658598,39587400
2025-03-11,MSFT,376.0356750488281,381.5212666884101,372.5367409966354,374.6024872406928,30380200
2025-03-12,AAPL,215.653564453125,220.39440897367027,213.5962265598192,218.7942505386503,62547500
2025-03-12,GOOGL,166.32623291015625,166.85374592604674,162.76302175465403,165.79871989426576,28372400
2025-03-12,MSFT,378.8229675292969,380.7503540509679,374.55311473502826,378.5067033632867,24253600
2025-03-13,AAPL,208.398193359375,215.5144270476188,207.14590135231947,214.62986833256545,61368300
2025-03-13,GOOGL,161.9966278076172,165.3508323726828,161.34968247166375,165.261242942738,31756200
2025-03-13,MSFT,374.3751525878906,380.8491715851453,373.0704913614682,378.71423026442886,20473000
2025-03-14,AAPL,212.18492126464844,212.6421007492463,208.29881981801316,209.95860913307365,60107600
2025-03-14,GOOGL,164.71383666992188,165.70914654485404,161.68808614528302,162.50424753259463,31995900
2025-03-14,MSFT,384.0515441894531,385.7021804869834,375.1065632119369,375.3734195488383,19952800
2025-03-17,AAPL,212.69178771972656,213.9043309003415,208.68642489319868,212.00600336087763,48073400
2025-03-17,GOOGL,163.51943969726562,165.52002210698427,162.90235248367634,164.25597441368222,31184300
2025-03-17,MSFT,384.1899719238281,388.15342385678485,381.0962841175908,382.2131776873556,22474300
2025-03-18,AAPL,211.3897857666016,213.83473880015984,210.19712464056028,212.85080057479257,42432400
2025-03-18,GOOGL,159.9164276123047,163.47963860497418,155.9849568446372,162.91230471538228,42074800
2025-03-18,MSFT,379.070068359375,382.8754034622388,376.6781641211092,382.5788963793093,19486900
2025-03-19,AAPL,213.92420959472656,217.4226803637017,212.443312738742,212.91044076829724,54385400
2025-03-19,GOOGL,163.12132263183594,165.09203178483114,160.24487791525596,161.0013078964,34275600
2025-03-19,MSFT,383.3201599121094,385.158563988563,379.54447585576617,381.0567221702146,19185500
2025-03-20,AAPL,212.79116821289065,216.16044383082547,210.9226561911479,212.6818400591608,48862900
2025-03-20,GOOGL,162.0364532470703,164.11664727374668,160.20508669307458,160.81222633390425,28138500
2025-03-20,MSFT,382.3515319824219,387.2441097112173,378.8328407062668,381.2642891356356,18470500
2025-03-21,AAPL,216.9356842041016,217.5021918152461,209.9884097524224,210.26669685360037,94127800
2025-03-21,GOOGL,163.22088623046875,163.4697137211131,160.1354192715889,160.45392574948156,36625800
2025-03-21,MSFT,386.7202453613281,387.194656647968,378.3583844724842,378.7735245117788,39675900
2025-03-24,AAPL,219.38064575195312,220.1260609084734,217.2437950361324,219.64899945464327,44299500
2025-03-24,GOOGL,166.8935546875,167.53056759539257,164.36547425500177,166.2864302357092,30879100
2025-03-24,MSFT,388.5191040039063,390.81219242783766,385.2870564688155,390.81219242783766,21004500
2025-03-25,AAPL,222.38218688964844,222.73005335992565,218.73462390108503,219.4204082670252,34493600
2025-03-25,GOOGL,169.76007080078125,169.82974979049783,167.53058612545505,168.18747918173491,24174400
2025-03-25,MSFT,390.5749816894531,391.7610400507305,388.0842319836349,389.3493790004213,15775000
2025-03-26,AAPL,220.17575073242188,223.64442126802376,219.12223310716143,222.1436424317859,34466100
2025-03-26,GOOGL,164.2858428955078,168.81450579137277,164.0668735115514,168.20736616989782,28901600
2025-03-26,MSFT,385.4451904296875,390.7232269425197,384.061440622416,390.4168262767483,16108400
2025-03-27,AAPL,222.4815826416016,223.61461307047796,219.21168633594712,220.03661426059983,37094800
2025-03-27,GOOGL,161.4790802001953,164.6441583248392,161.24020036188836,163.85787020298363,24508300
2025-03-27,MSFT,386.0481262207031,387.6888690270636,382.9050306805178,385.6033656235933,13766800
2025-03-28,AAPL,216.5679473876953,222.44182255065115,216.3492910585304,220.31490521146455,39818600
2025-03-28,GOOGL,153.6061553955078,161.06103088339665,152.90944160860735,159.737267094675,48669300
2025-03-28,MSFT,374.4048156738281,384.6149747790714,372.5565178920864,383.5771397086297,21632000
2025-03-31,AAPL,220.7720947265625,224.24075018814543,214.90815310911736,215.6833836525119,65299300
2025-03-31,GOOGL,153.91470336914062,154.8104760939089,149.9533747075238,152.3918806247014,54603500
2025-03-31,MSFT,371.0343933105469,372.6948931611048,362.978933000102,368.2174556076631,35184700
2025-04-01,AAPL,221.8256072998047,222.31260214779184,217.5618242432653,218.46626491168396,36412700
2025-04-01,GOOGL,156.3333282470703,157.35849619606978,152.89949705290155,152.89949705290155,30672900
2025-04-01,MSFT,377.7554626464844,378.4078083047587,368.8994337189865,370.302940607575,19689500
2025-04-02,AAPL,222.5213165283203,223.8133724100327,219.66886624627367,219.9670353213626,35905900
2025-04-02,GOOGL,156.303466796875,157.66705174636402,153.97444517473392,154.42233161172652,25041700
2025-04-02,MSFT,377.7060852050781,380.61194495123306,372.2501138660857,373.584455994143,16092600
2025-04-03,AAPL,201.9478759765625,206.2215925598656,200.01973301812973,204.2835010267849,103419000
2025-04-03,GOOGL,150.0131072998047,152.06344323592336,149.68465321481136,150.40127754802887,46883400
2025-04-03,MSFT,368.7808532714844,373.1001742376296,365.06450042697054,370.4413834397649,30198000
2025-04-04,AAPL,187.22840881347656,198.65810753704545,186.19475800144227,192.70471987275084,125910900
2025-04-04,GOOGL,144.91712951660156,150.36147595978116,144.69816012059908,147.31581486644404,62259500
2025-04-04,MSFT,355.6648254394531,370.2436833446925,355.3090169453245,359.9050576420754,49209900
2025-04-07,AAPL,180.35069274902344,192.96310261722132,173.5524959881376,176.11672557211514,160466300
2025-04-07,GOOGL,146.06173706054688,152.13313390933345,139.87090787612016,140.88612829073566,76794100
2025-04-07,MSFT,353.707763671875,366.6953157485582,340.7894367933375,346.8087713756296,50425000
2025-04-08,AAPL,171.365966796875,189.176417114886,168.175598539417,185.55866963100107,120859500
2025-04-08,GOOGL,144.02134704589844,151.5259925903324,142.35918124819136,150.5107721866655,52200200
2025-04-08,MSFT,350.4460754394531,369.3145725706382,346.18608632628985,363.98712785508354,35868900
2025-04-09,AAPL,197.63438415527344,199.383619356675,170.8391909937331,170.89882177160354,184395900
2025-04-09,GOOGL,157.96563720703125,158.80169385849172,143.2350479950237,143.74265056471972,70406200
2025-04-09,MSFT,385.9591674804688,388.6673960004068,349.00301621371585,349.43791334353114,50199700
2025-04-10,AAPL,189.2559356689453,193.5892830219747,181.88129692496372,187.9141974958541,121880000
2025-04-10,GOOGL,152.10328674316406,156.9802998367147,149.22682616408144,155.8058260987939,48022000
2025-04-10,MSFT,376.92523193359375,379.4456324184745,363.5324334212975,377.6269854135807,38024400
2025-04-11,AAPL,196.9386749267578,198.32017705332044,184.92258644836303,184.96235041538483,87435900
2025-04-11,GOOGL,156.40298461914062,156.93049760914,152.10325409102202,152.18286551192307,33636200
2025-04-11,MSFT,383.94287109375,385.52428234575257,374.4937970946495,376.2234920445777,23839200
2025-04-14,AAPL,201.28195190429688,211.63825017625837,199.93026529720836,210.14742002868311,101352900
2025-04-14,GOOGL,158.32394409179688,160.96150910212248,156.8210165083235,159.24957495636372,30333000
2025-04-14,MSFT,383.3102722167969,390.0709046779098,379.7520366679256,388.6575040815548,19251200
2025-04-15,AAPL,200.9042816162109,202.26590170954893,198.57859009217825,200.6259945192588,51343900
2025-04-15,GOOGL,155.57688903808594,158.90122048049952,154.48205725338974,158.38367026397722,27551500
2025-04-15,MSFT,381.2544250488281,387.3429548173336,379.702634359307,384.0021677861047,17199900
2025-04-16,AAPL,193.0823974609375,199.47308245703653,191.19400339685228,197.1473909296092,59732400
2025-04-16,GOOGL,152.61087036132812,155.1588613016161,150.7993990348029,152.381953334393,28187400
2025-04-16,MSFT,367.2982482910156,377.1822197333743,363.730149078798,376.25315416820064,21967800
2025-04-17,AAPL,195.7758331298828,197.61452992177487,193.2314851467638,195.9944894564487,52164700
2025-04-17,GOOGL,150.45101928710938,153.9544985286828,147.80349181571307,153.5663283495849,33046600
2025-04-17,MSFT,363.5126953125,369.97682098932336,362.6330375516977,369.4134273859128,21120200
2025-04-21,AAPL,191.97918701171875,192.6152739871965,188.64966000796989,192.08851517151223,46742500
2025-04-21,GOOGL,146.97740173339844,148.25139710913984,145.4147731874503,148.18173331794077,26049100
2025-04-21,MSFT,354.9531555175781,360.2509795659297,351.54320368031085,358.6102367890087,20807300
2025-04-22,AAPL,198.5189514160156,200.35763286451956,194.7719939992729,194.92107095045927,52976400
2025-04-22,GOOGL,150.7595672607422,151.4761914872268,147.84330183044926,148.19166631370922,26971800
2025-04-22,MSFT,362.5638427734375,363.5028019496421,355.68457702509073,359.1637542302739,19485000
2025-04-23,AAPL,203.3492584228516,206.72846769395252,201.56025903470572,204.7406939661261,52929200
2025-04-23,GOOGL,154.6214141845703,156.79118268922488,153.08862828359344,154.88018931651595,31128800
2025-04-23,MSFT,370.0459899902344,375.9763723537339,368.6918606799084,371.6965961898571,20545500
2025-04-24,AAPL,207.09620666503903,207.5534013078127,201.69940812530305,203.6374845300284,47311000
2025-04-24,GOOGL,158.532958984375,158.84150262211006,155.0593219807129,155.41763415068155,45894000
2025-04-24,MSFT,382.8061828613281,383.9428636514652,370.8367085183124,371.3408006891215,22232300
2025-04-25,AAPL,208.0006103515625,208.46773832051537,204.93943745171495,205.1083963732819,38222300
2025-04-25,GOOGL,161.20040893554688,165.3209915913829,160.28471040116125,164.29582354036455,56034000
2025-04-25,MSFT,387.3034057617188,387.6098064465498,380.1375268589871,382.5096738423667,18973200
2025-04-28,AAPL,208.8553771972656,210.2070638884643,206.1917677806294,208.71623364812055,38743100
2025-04-28,GOOGL,159.85671997070312,162.38480037619334,157.85615258510526,161.66817604969367,29745800
2025-04-28,MSFT,386.6213989257813,388.183053013966,382.1538550582223,387.41210451108,16579400
2025-04-29,AAPL,209.91883850097656,210.94254069563792,207.0961884524305,207.4142395090872,36827600
2025-04-29,GOOGL,159.40882873535156,159.98611026905985,156.78121134684457,159.56808195579998,26809000
2025-04-29,MSFT,389.468017578125,390.5157161336794,385.8504804253008,386.7597889027506,14974000
2025-04-30,AAPL,211.20095825195312,212.2743578831654,205.4065960245207,208.0205233254963,52286500
2025-04-30,GOOGL,158.05523681640625,158.5230337484883,154.67117358033985,157.23907529669685,34981100
2025-04-30,MSFT,390.673828125,392.0575779640377,379.979364791359,385.7713570331464,36461100
2025-05-01,AAPL,212.01596069335935,213.2483707428857,207.62296725165956,207.80187477964563,57365700
2025-05-01,GOOGL,160.5435028076172,161.19044821971175,158.1647125629629,159.69748324974734,30203200
2025-05-01,MSFT,420.464111328125,431.9196298528696,419.9699127886788,426.1078502028247,58938100
2025-05-02,AAPL,204.09466552734372,205.7246393133032,200.92416412992952,204.83013207172812,101010600
2025-05-02,GOOGL,163.2606658935547,164.19625953903196,161.11079307252896,162.64357867514303,25715000
2025-05-02,MSFT,430.2294921875,434.3412277785372,425.0008630376841,426.7305579775838,30757400
2025-05-05,AAPL,197.6741485595703,202.85230555245,196.99831280299983,201.85841873478097,69018500
2025-05-05,GOOGL,163.43984985351562,164.61430827792813,161.95683259435438,162.23551815903613,21341800
2025-05-05,MSFT,431.1091613769531,434.4005103334852,427.0962415401901,427.84743296236513,20136100
2025-05-06,AAPL,197.29649353027344,199.4234110025321,195.8156116766073,196.99833957685837,51216500
2025-05-06,GOOGL,162.46441650390625,164.02706019999394,160.43399116800987,161.40939053220953,21277200
2025-05-06,MSFT,428.2823791503906,432.6511079528013,426.1672248726853,427.1852727603517,15104200
2025-05-07,AAPL,195.05029296875,198.2207944248892,192.0686324392914,197.9524407308952,68536700
2025-05-07,GOOGL,150.67001342773438,164.22612903746054,147.14660797263102,163.3104457768094,127490100
2025-05-07,MSFT,428.3218994140625,433.0365428333408,426.1078693467033,428.80620435216304,23295300
2025-05-08,AAPL,196.28271484375,198.82706269335063,193.4898801219913,196.5113045675241,50478900
2025-05-08,GOOGL,153.55638122558594,155.19863617628044,152.18284896246044,154.27300543354525,57498700
2025-05-08,MSFT,433.08599853515625,438.5221829360685,430.6051120016966,432.84876270467214,23491300
2025-05-09,AAPL,197.3163299560547,199.3140368102294,196.332376640442,197.78345792922863,36453900
2025-05-09,GOOGL,152.03358459472656,154.3228003625665,151.48616112175256,153.4469228058081,32435300
2025-05-09,MSFT,433.6394958496094,435.626153625383,430.82255791751214,434.89474938101273,15324200
2025-05-12,AAPL,209.776123046875,210.2538252478288,205.75556156059076,209.95526516858175,63775800
2025-05-12,GOOGL,157.71681213378906,158.35380985703912,155.5171705905775,156.7513603237849,44138800
2025-05-12,MSFT,444.04730224609375,444.1560114514232,434.67728663767485,440.7658165502587,22821900
2025-05-13,AAPL,211.90582275390625,212.37356332026263,207.99473291206183,209.4178474798385,51909300
2025-05-13,GOOGL,158.7817840576172,159.81691483841985,155.42759461947415,158.0452492784777,42382100
2025-05-13,MSFT,443.9287109375,445.4409573721911,440.1925407492767,442.5844751269483,23618800
2025-05-14,AAPL,211.3087158203125,212.9109724892217,209.56713314477625,211.40822571910564,49325800
2025-05-14,GOOGL,164.5944061279297,166.21676625125212,158.86142612462882,159.20979069166216,48755900
2025-05-14,MSFT,447.6845703125,448.6334230518337,442.940276452347,442.940276452347,19902800
2025-05-15,AAPL,210.43296813964844,211.93571508448807,208.53215118256117,209.9353730316401,45029500
2025-05-15,GOOGL,163.19100952148438,165.43045668169412,161.60845531931332,165.06218171025907,33146700
2025-05-15,MSFT,448.6946105957031,451.7246558325709,446.0210270484144,446.3576953837484,21992300
2025-05-16,AAPL,210.24388122558597,211.54759317457453,208.76105751069144,211.33859654598928,54737900
2025-05-16,GOOGL,165.41053771972656,168.5557203255822,164.84320384513654,166.9433081258995,42846900
2025-05-16,MSFT,449.8234252929688,449.9125407132096,444.3376746324017,447.6251542704443,23849800
2025-05-19,AAPL,207.7758026123047,208.4724326946764,203.2775387890809,206.90999202317107,46140500
2025-05-19,GOOGL,165.7589111328125,165.85844820194703,163.44979996369122,163.73843316462222,30426100
2025-05-19,MSFT,454.37841796875,455.0913715701619,446.3874026485213,446.4666365036013,21336500
2025-05-20,AAPL,205.8650360107422,207.46729276724128,204.0438362053752,206.67113760639387,42496600
2025-05-20,GOOGL,163.21090698242188,167.70971181285083,162.13597050857302,165.6494131078347,46607700
2025-05-20,MSFT,453.6852416992188,453.8535607411002,449.8729211666083,451.1304789633583,15441800
2025-05-21,AAPL,201.11795043945312,206.04413807343923,199.74459851783072,204.183137568141,59211800
2025-05-21,GOOGL,167.76943969726562,172.32796100800184,162.79289003758296,162.9222851886465,73416000
2025-05-21,MSFT,448.1401062011719,453.2991005803846,447.38753565613104,450.12052955644793,19216900
2025-05-22,AAPL,200.39149475097656,201.7748084903006,198.7394754118135,199.7446272097534,46742400
2025-05-22,GOOGL,170.06858825683594,175.94092545127197,169.90935022401754,171.0440028391721,74864400
2025-05-22,MSFT,450.40765380859375,455.7449090739042,449.4570590917957,450.4967994491365,18025600
2025-05-23,AAPL,194.33079528808597,196.7491001935844,192.5295034494263,192.7384848883374,78432900
2025-05-23,GOOGL,167.6798553466797,169.1628725233235,167.10257379846712,168.26708452621156,35211400
2025-05-23,MSFT,445.7734680175781,449.2491205375805,444.5159101158957,445.5754438212613,16883500
2025-05-27,AAPL,199.24703979492188,199.77448939448533,196.4803970243206,197.34622283817183,56288500
2025-05-27,GOOGL,172.08908081054688,172.35781874405163,169.20268808863054,169.36194132235366,37995700
2025-05-27,MSFT,456.18060302734375,456.4380677238799,451.65532857824905,452.0118204825961,20974300
2025-05-28,AAPL,199.45602416992188,201.7549111726597,198.9385209981625,199.6252046868552,45339700
2025-05-28,GOOGL,171.55162048339844,174.44797603039132,171.10373405145273,172.34787146642654,34784000
2025-05-28,MSFT,452.8831787109375,457.9926743719098,452.45739496057166,456.7054113344306,17086300
2025-05-29,AAPL,198.9882659912109,202.8297005493605,197.5551897560925,202.60081106845576,51396800
2025-05-29,GOOGL,171.053955078125,173.60194591853366,169.8297281889271,173.1839175950813,29317300
2025-05-29,MSFT,454.1902465820313,457.2004982884002,450.8532383460136,457.0321490211595,13974800
2025-05-30,AAPL,199.88394165039065,200.9886032908641,195.83351057352263,198.4110493394953,70819900
2025-05-30,GOOGL,170.93450927734375,171.40230609492238,166.65467413099773,170.54633906565317,52639900
2025-05-30,MSFT,455.8537902832031,457.1608768265464,451.0809934148865,455.2200705832806,34770500
2025-06-02,AAPL,200.72982788085935,201.1577674941448,199.1574257965875,199.31665984736324,35423300
2025-06-02,GOOGL,168.23721313476562,169.0732697161459,166.60490568135657,167.05279205086583,38612300
2025-06-02,MSFT,457.4480590820313,457.5866729937457,452.4177973951138,452.6653502978312,16626500
2025-06-03,AAPL,202.2923126220703,202.78990771325485,199.99342573046133,200.38154929416936,46381600
2025-06-03,GOOGL,165.40060424804688,167.68982022650283,164.50483134601953,166.70447307171773,45084900
2025-06-03,MSFT,458.4382934570313,459.5968543955761,456.3489311405408,456.9529759669727,15743800
2025-06-04,AAPL,201.84446716308597,205.24801554678163,201.1279290627925,201.9340306292736,43604000
2025-06-04,GOOGL,167.2618408203125,167.43104169003885,165.57976456796413,165.9579872104258,26900800
2025-06-04,MSFT,459.3294677734375,461.1316602074749,458.4877818372015,459.4582001214203,14162700
2025-06-05,AAPL,199.66500854492188,203.76518718349973,199.18730633012683,202.52119947175677,55126100
2025-06-05,GOOGL,167.42108154296875,170.12831044344654,166.80397909025658,169.54108125937032,36379100
2025-06-05,MSFT,463.1022033691406,465.0529216385449,459.4879366863286,460.4088263203011,20131700
2025-06-06,AAPL,202.93917846679688,204.7106157617459,201.07817770068,202.0236053289331,46607700
2025-06-06,GOOGL,172.86541748046875,173.68157889465496,170.0287933558417,170.0287933558417,35731800
2025-06-06,MSFT,465.7757568359375,468.7067748339504,464.1914121655199,465.4885869985769,15285600
2025-06-09,AAPL,200.4810791015625,205.00919791789676,199.0579642885024,203.40694095782152,72862600
2025-06-09,GOOGL,175.47630310058594,175.8549836240846,173.76229627558533,173.93170198198985,28935900
2025-06-09,MSFT,468.1225891113281,468.7959258262165,464.03300988597726,465.1024554626714,16469900
2025-06-10,AAPL,201.6951904296875,203.36711781582227,199.6053001787652,199.63515466910712,54672600
2025-06-10,GOOGL,177.9775390625,180.478785591731,174.30039723040252,175.58589455754145,61766100
2025-06-10,MSFT,466.31048583984375,468.172058367284,462.3892259287077,466.5778321078869,15375900
2025-06-11,AAPL,197.82388305664065,203.51637153393744,197.4556675860525,202.52118145308685,60989900
2025-06-11,GOOGL,176.73191833496094,179.74138229531297,176.1340033305199,179.1434824964821,31646800
2025-06-11,MSFT,467.9938659667969,470.81597545897466,465.0628476886827,465.4193094086897,16399200
2025-06-12,AAPL,198.2418670654297,198.71955406677787,196.410720905765,198.12244911144165,43904600
2025-06-12,GOOGL,175.087646484375,176.10409583310096,174.1409604700089,175.56596932852466,20941900
2025-06-12,MSFT,474.1826477050781,475.7174938929388,468.88500933710617,470.37032681118086,18950600
2025-06-13,AAPL,195.50511169433597,199.4062554549193,194.7587190445596,198.769334334526,51447300
2025-06-13,GOOGL,174.0612335205078,176.51266655178486,171.7891810552309,171.83900983498697,27663100
2025-06-13,MSFT,470.3109436035156,474.4896382132165,468.1324959807857,471.7467626653197,16814500
2025-06-16,AAPL,197.46563720703125,197.7343428123237,195.61458283187795,196.3510290449251,43020700
2025-06-16,GOOGL,176.1539306640625,176.32333636040028,174.04130888575864,174.12103189678987,27389200
2025-06-16,MSFT,474.4500122070313,475.98482813726486,470.3505215770748,470.5584575569121,15626100
2025-06-17,AAPL,194.69900512695312,197.4357781067605,194.2710806409192,196.25149936947125,38856200
2025-06-17,GOOGL,175.3367919921875,176.74188163753837,173.97157145760983,175.08766326949169,24973000
2025-06-17,MSFT,473.3608093261719,474.0539393845567,469.4395492382731,470.74663593423935,15414100
2025-06-18,AAPL,195.63449096679688,196.61973472966923,194.13175923439317,194.99756984742208,45394700
2025-06-18,GOOGL,172.71595764160156,175.94465595934807,172.596365522182,175.39656976170295,28707500
2025-06-18,MSFT,475.5392150878906,476.2917855833799,469.8157931767449,473.3211507460615,17526500
2025-06-20,AAPL,200.03321838378903,200.7298484455588,195.9131318065836,197.28649906078425,96813500
2025-06-20,GOOGL,166.05921936035156,173.73237998796506,164.88333923967906,173.34373983894176,75659900
2025-06-20,MSFT,472.7270202636719,478.7277002496467,472.2022093150259,477.5097592999014,37576200
2025-06-23,AAPL,200.53082275390625,201.3269779408771,198.00304635957568,200.6602023375907,55814300
2025-06-23,GOOGL,164.61428833007812,166.7567891470348,161.43540356766906,165.69052617853575,57671000
2025-06-23,MSFT,481.2428588867188,482.97572926336846,467.8849134818946,473.52910172023695,24864000
2025-06-24,AAPL,199.33660888671875,202.4615056450935,199.2370837881713,201.61558786363423,54064000
2025-06-24,GOOGL,166.18878173828125,167.63372519441324,165.5510128580625,166.3382528798913,40524300
2025-06-24,MSFT,485.3126525878906,487.0356415330813,482.0350542054208,484.1640335829149,22305600
2025-06-25,AAPL,200.5905303955078,202.690382284235,199.65504919597095,200.48105886821315,39525700
2025-06-25,GOOGL,170.08514404296875,171.75929686583365,166.96606296199934,167.04578597314622,35479000
2025-06-25,MSFT,487.4514770507813,489.7190701858364,484.5996928885684,487.2237477118272,17495100
2025-06-26,AAPL,200.03321838378903,201.66532960796235,198.50063224789568,200.4611428555203,50799100
2025-06-26,GOOGL,172.9351806640625,173.08466701517526,169.34773632150527,171.8290485705118,31796700
2025-06-26,MSFT,492.580810546875,493.1650318097281,487.9862138630066,488.15456314430565,21578900
2025-06-27,AAPL,200.11282348632807,202.2425296541318,199.03801637565212,200.91892502298623,73188600
2025-06-27,GOOGL,177.90777587890625,178.0572470081361,171.1314725843347,172.93516183654685,108140200
2025-06-27,MSFT,491.0856018066406,494.4126986738237,488.204082081207,492.67982816745,34539200
2025-06-30,AAPL,204.18316650390625,206.3924899085516,198.3015889216639,201.03836190454115,91912800
2025-06-30,GOOGL,175.61581420898438,180.59838864201384,173.97157072832883,180.14995998416325,63378900
2025-06-30,MSFT,492.5411376953125,495.8583524786177,490.4814807195488,492.1747642516352,28369000
2025-07-01,AAPL,206.8204345703125,209.17903048404247,205.14850713857425,205.6759567295316,78788900
2025-07-01,GOOGL,175.22714233398438,175.47627101059854,172.92519579496684,175.12749998670333,35904500
2025-07-01,MSFT,487.233642578125,493.1749126279045,486.17413905224953,491.61039147776194,19945400
2025-07-02,AAPL,211.41819763183597,212.3138626915596,207.13887695509675,207.90517762155156,67941800
2025-07-02,GOOGL,178.01739501953125,178.23662948182692,174.4598452552033,174.92819320035304,29128900
2025-07-02,MSFT,486.2830200195313,488.6694336459704,483.9164299655294,485.1937811955959,16319600
2025-07-03,AAPL,212.5228576660156,213.6175577099725,210.7912213537831,211.1295823572572,34955800
2025-07-03,GOOGL,178.90431213378906,179.0438236063814,176.43295953117723,177.8779030413717,21689700
2025-07-03,MSFT,493.9571533203125,495.2345347518064,488.6100166980764,488.9763901568408,13984800
2025-07-07,AAPL,208.940185546875,215.18997897032483,207.7957228576545,211.65705062020388,50229000
2025-07-07,GOOGL,176.17385864257812,178.67512071867887,175.06772651945082,178.43595167386934,34175600
2025-07-07,MSFT,492.8481140136719,493.8680307430937,490.3824968234557,492.5114456991778,13981600
2025-07-08,AAPL,208.9998779296875,210.4130461204056,207.4473837253886,209.08945658408672,42848900
2025-07-08,GOOGL,173.75233459472656,177.32981935448504,172.20773349396308,177.23017699013243,40442500
2025-07-08,MSFT,491.7588806152344,493.3234318678901,489.2734398258723,492.37280697303856,11846600
2025-07-09,AAPL,210.1244659423828,210.31355451699517,206.22332203726856,208.5222090540861,48749400
2025-07-09,GOOGL,176.00442504882812,178.8146038590092,172.16785249870574,174.63920474769347,43025600
2025-07-09,MSFT,498.58148193359375,501.8194631786975,494.8483646402868,495.40288075164045,18659500
2025-07-10,AAPL,211.38836669921875,212.4532123806496,209.01980902189663,209.49749609462276,44443600
2025-07-10,GOOGL,177.0009307861328,177.80810523578302,173.77223298753196,175.01787632479642,29252400
2025-07-10,MSFT,496.57135009765625,499.502368126141,492.8778497571002,498.1259594248799,16492100
2025-07-11,AAPL,210.14434814453125,211.1096837700706,208.8505979590809,209.55718962168865,39765800
2025-07-11,GOOGL,179.56201171875,180.797680390592,175.86493496639972,176.17385213436023,34282900
2025-07-11,MSFT,498.3933410644531,500.08659454551145,492.9273533491097,493.5908084590741,16459500
2025-07-14,AAPL,207.6165771484375,209.8955712375241,206.54176989733165,208.92027389637036,38840100
2025-07-14,GOOGL,180.9272308349609,183.02987774300456,179.05377808117527,180.3791446351184,32536600
2025-07-14,MSFT,498.0962524414063,499.0369655948213,496.1257409313552,496.6109349689791,12058800
2025-07-15,AAPL,208.10421752929688,210.87084499335575,207.9151289669034,208.2136890556617,42296300
2025-07-15,GOOGL,181.36569213867188,183.5779561932956,180.9670923041272,182.17286668727075,33448300
2025-07-15,MSFT,500.8688354492188,503.3245408608939,497.8684955298327,498.0962248562551,14927200
2025-07-16,AAPL,209.1491851806641,211.37840160704656,207.63649175890595,209.28851120731295,47490500
2025-07-16,GOOGL,182.3323211669922,183.6875819552064,181.39559478616047,182.6013844308844,33104200
2025-07-16,MSFT,500.67083740234375,501.760076321519,496.97736708309617,500.2351418346736,15154400
2025-07-17,AAPL,209.00982666015625,210.7812638030366,208.58188702565155,209.55718424596665,48068100
2025-07-17,GOOGL,182.9402008056641,183.41852368346133,179.85099864083438,181.50521696666212,31992600
2025-07-17,MSFT,506.6913146972656,508.34495123446135,500.6708109272005,500.7302212088446,17503100
2025-07-18,AAPL,210.1642608642578,210.77132749863404,208.6913836081342,209.85575432940055,48974600
2025-07-18,GOOGL,184.4150390625,185.77029989137577,183.069753113896,184.7538504683164,34014500
2025-07-18,MSFT,505.0574035644531,509.60250130270686,502.463054063605,509.4440336050126,21209700
2025-07-21,AAPL,211.4579925537109,214.74212298846783,210.61209006251647,211.07983063398711,51377400
2025-07-21,GOOGL,189.43746948242188,189.6267945216304,185.50122385959315,185.6008814217948,45803100
2025-07-21,MSFT,505.06732177734375,507.0774803175347,500.6014578311082,501.7501069031347,14066800
2025-07-22,AAPL,213.36875915527344,213.91611676733493,211.20919838168209,212.1148250502387,46404100
2025-07-22,GOOGL,190.6731414794922,190.98205863993607,186.8066743284532,190.8325874995953,44660200
2025-07-22,MSFT,500.32421875,506.1961966744728,500.32421875,505.968437121084,13868600
2025-07-23,AAPL,213.11996459960935,214.1151547498488,211.38834345684663,213.96588230147148,46989300
2025-07-23,GOOGL,189.56700134277344,191.858988365816,188.5206577881661,190.83257936427407,58681900
2025-07-23,MSFT,500.9183349609375,501.8293429250601,495.79895793496456,501.78972599996087,16396600
2025-07-24,AAPL,212.7318420410156,214.65256693634575,212.50295255730364,212.87116805528336,46022600
2025-07-24,GOOGL,191.5002593994141,197.26011409114668,190.33433883436888,196.3433222418533,74881700
2025-07-24,MSFT,505.8793640136719,508.6420329312165,502.3343891638857,503.7900015885669,16107000
2025-07-25,AAPL,212.85128784179688,214.20474714033003,212.37358560556336,213.66733592091677,40268800
2025-07-25,GOOGL,192.50672912597656,193.65273031316045,190.59342246149265,191.31091436137527,39785900
2025-07-25,MSFT,508.6816101074219,513.2167356071609,505.36436506751977,507.4536969863606,19125700
2025-07-28,AAPL,213.02044677734372,213.8166019050196,212.03520309848784,213.00053872316795,37858000
2025-07-28,GOOGL,191.9088134765625,193.37369138388397,190.17487232763284,192.97507635824056,38139500
2025-07-28,MSFT,507.48345947265625,509.9589885432546,505.12675096242896,509.0480107678364,14308000
2025-07-29,AAPL,210.2538299560547,213.7767964509494,209.80599741985404,213.14982178903043,51411700
2025-07-29,GOOGL,195.0677795410156,195.23718523880464,191.41057191018163,191.7593429801203,41389200
2025-07-29,MSFT,507.55279541015625,512.5533521818816,506.5526719682665,510.4838436674275,16469200
2025-07-30,AAPL,208.04449462890625,211.3684259373732,206.720889966108,210.88077731884883,45512500
2025-07-30,GOOGL,195.84506225585935,196.911340444062,194.0114785811888,194.9183107440436,32445400
2025-07-30,MSFT,508.2162170410156,510.8997123672712,504.4534248625209,510.1273182709773,26380400
2025-07-31,AAPL,206.57164001464844,208.83071086700429,206.1636083824018,207.4872131893059,80698400
2025-07-31,GOOGL,191.23118591308597,195.30694304131825,190.42401135006776,195.0279201110307,51329200
2025-07-31,MSFT,528.2778930664062,550.0130499577134,526.6935786680993,549.795171976257,51617300
2025-08-01,AAPL,201.40660095214844,212.5527283441607,200.530828701964,209.8557561748323,104434500
2025-08-01,GOOGL,188.47085571289065,190.16492789219944,187.16542371122097,188.371198147092,34832200
2025-08-01,MSFT,518.9797973632812,530.5553736121248,515.7616096000787,529.7632164041114,28977600
2025-08-04,AAPL,202.37191772460935,206.8801277700508,200.70993685491413,203.5263267271778,75109300
2025-08-04,GOOGL,194.36024475097656,194.5894541087341,189.4573936373196,189.62679933287328,31547400
2025-08-04,MSFT,530.3969116210938,532.9813491761439,522.9604134562841,523.0990575737549,25349000
2025-08-05,AAPL,201.94400024414065,204.35235878558623,201.18766113385615,202.42168730403617,44155100
2025-08-05,GOOGL,193.99154663085935,197.1704314779613,193.2142662538664,194.0314157405365,31602300
2025-08-05,MSFT,522.584228515625,532.0407382325785,522.0792108748774,531.9219176627233,19171600
2025-08-06,AAPL,212.2242889404297,214.3440487139093,204.6011291257884,204.64094523363173,108483100
2025-08-06,GOOGL,195.40658569335935,195.9447122065885,192.9950216747496,193.8221307927801,21562900
2025-08-06,MSFT,519.8016967773438,526.4955370830186,518.9006307843745,525.70337986457,21355700
2025-08-07,AAPL,218.9716796875,219.78774287041324,215.5382768294147,217.8272171299369,90224800
2025-08-07,GOOGL,195.83511352539065,196.8515477811631,193.6527434490137,196.37322488399897,26321800
2025-08-07,MSFT,515.7418823242188,522.9209170643583,512.4840471895837,521.6435053063135,16079100
2025-08-08,AAPL,228.2468719482422,229.88892965735025,218.1954451401473,219.7678474336444,113854000
2025-08-08,GOOGL,200.718017578125,201.9038726725722,196.482829501162,196.53265828436585,39161800
2025-08-08,MSFT,516.9300537109375,519.524403327164,514.3257923084495,517.4845698020915,15531000
2025-08-11,AAPL,226.3438873291016,228.71513292468896,223.9327956372812,227.08116933177635,61806100
2025-08-11,GOOGL,200.2994842529297,200.77780712193308,198.37621789685548,200.23969579500547,25832400
2025-08-11,MSFT,516.6627197265625,522.4257584225397,514.6327376205326,517.1875004407061,20194400
2025-08-12,AAPL,228.8047790527344,229.95055565919736,226.23428798669784,227.17081559543823,55626200
2025-08-12,GOOGL,202.63131713867188,203.7872779637538,199.8909014203329,200.66818175308575,30397900
2025-08-12,MSFT,524.0595703125,525.7825288027884,517.5836082950698,518.6233183732385,18667000
2025-08-13,AAPL,232.47125244140625,234.1351043372746,229.5819165003467,230.2195756343437,69878500
2025-08-13,GOOGL,201.2561492919922,203.81718459405647,196.82164596798347,203.41858472937733,28342900
2025-08-13,MSFT,515.4844360351562,527.4857972911225,514.2862580919234,526.901545781552,19619200
2025-08-14,AAPL,231.92327880859372,234.25466305951576,230.0003892485326,233.1985666998313,51916300
2025-08-14,GOOGL,202.23272705078125,203.7274993328687,200.5286799587332,200.7977432270797,25230400
2025-08-14,MSFT,517.3657836914062,520.8018496782777,515.0487221853349,517.445017549053,20269100
2025-08-15,AAPL,230.73765563964844,233.417757832359,228.4959365092947,233.1387895567921,56038700
2025-08-15,GOOGL,203.1893615722656,205.7205176785909,200.57849766290207,203.13954799676895,34931400
2025-08-15,MSFT,515.0783081054688,520.9502551513766,513.9990113965767,517.6528943134479,25213300
2025-08-18,AAPL,230.0402374267578,232.26202593201924,229.26310933608104,230.8472538899505,37476200
2025-08-18,GOOGL,202.790771484375,204.55460702217843,201.7842969623296,203.4883288365654,18526600
2025-08-18,MSFT,512.0383911132812,517.7024328589179,508.9885829187347,516.4844919382945,23760600
2025-08-19,AAPL,229.71145629882807,232.0129522601839,228.50591803460907,230.42880766374827,39402600
2025-08-19,GOOGL,200.8674774169922,202.73095505911667,199.26308812547936,202.3223803786228,24240200
2025-08-19,MSFT,504.7801513671875,510.117376123604,503.57209201860513,509.95896886179673,21481000
2025-08-20,AAPL,225.17819213867188,229.6217843388592,224.939085159242,229.13358225147155,42263900
2025-08-20,GOOGL,198.62533569335935,200.57849617106172,195.9148142419443,200.03040999419304,28955500
2025-08-20,MSFT,500.7698364257813,505.9981527246316,499.5023667236012,504.87920872605446,27723000
2025-08-21,AAPL,224.072265625,225.6863136691638,222.95639256938463,225.43723377620464,30621200
2025-08-21,GOOGL,199.0538482666016,201.77432964491464,198.73495620472804,199.0538482666016,19774600
2025-08-21,MSFT,500.1251220703125,503.48747238505433,498.6175369804135,499.57962247206007,18443300
2025-08-22,AAPL,226.9217529296875,228.2468598588307,224.58041092619504,225.33760837029212,42477800
2025-08-22,GOOGL,205.37173461914065,207.81319287530533,200.59843534470969,202.0234442317804,42827000
2025-08-22,MSFT,503.09075927734375,506.5621975190336,498.3100856343386,500.135066677745,24324200
2025-08-25,AAPL,226.323974609375,228.456098045362,225.3973894325087,225.6464693442017,30983100
2025-08-25,GOOGL,207.7633819580078,209.78630584234324,204.56456266974783,205.7105486396724,29928900
2025-08-25,MSFT,500.1449890136719,504.0429109301173,500.00611695670057,502.4956437530773,21638600
2025-08-26,AAPL,228.46603393554688,228.64537936019505,223.8630424721864,226.03501179732245,54575100
2025-08-26,GOOGL,206.4180603027344,207.1255924506065,204.9830766604532,206.7867658865732,28464100
2025-08-26,MSFT,497.9430847167969,500.8590951140394,494.4418926777319,500.2441292309945,30835700
2025-08-27,AAPL,229.6417236328125,230.050203138926,227.41991984776428,227.7686378094015,31259500
2025-08-27,GOOGL,206.75689697265625,208.1819211161226,204.9332729711404,204.9831017547991,23022900
2025-08-27,MSFT,502.604736328125,503.1502662118434,495.8205578102606,497.9034268047853,17277900
2025-08-28,AAPL,231.7040863037109,232.55096405412047,228.4959359400532,229.9704999102399,38074700
2025-08-28,GOOGL,210.9023895263672,211.4803699291827,206.17890394821848,206.5276902069273,32339300
2025-08-28,MSFT,505.4810791015625,506.91922816363694,501.3748491905692,502.95187030654046,18015600
2025-08-29,AAPL,231.28561401367188,232.52105569809,230.5184437223928,231.65424737322112,39418400
2025-08-29,GOOGL,212.16798400878903,213.9019101459949,209.46742202841364,209.77633920432456,39728400
2025-08-29,MSFT,502.5551452636719,505.44140176386463,500.3730863144936,504.5090702372647,20961600
2025-09-02,AAPL,228.87454223632807,230.00038826150748,226.1346633063032,228.4062708029861,44075600
2025-09-02,GOOGL,210.6134033203125,210.9422398144114,205.48134311686184,207.71354168202487,47523000
2025-09-02,MSFT,500.9979553222656,501.87077891116434,492.75577163159113,496.3859077753076,18128000
2025-09-03,AAPL,237.59234619140625,237.9709525201245,233.49747185558655,236.33698891571112,66427800
2025-09-03,GOOGL,229.85610961914065,230.5038381631016,224.0065573472935,225.42162175778444,103336100
2025-09-03,MSFT,501.22607421875,503.6461649084089,498.220801883355,499.6788070917271,16345100
2025-09-04,AAPL,238.8975067138672,239.0170601981439,235.8687018920251,237.5723998534893,47549400
2025-09-04,GOOGL,231.49038696289065,231.56013509073304,225.32195802773,228.8496136665047,51684200
2025-09-04,MSFT,503.82470703125,504.00323087503085,499.0440334241921,500.1846427841772,15509500
2025-09-05,AAPL,238.80784606933597,240.43185187342493,237.61226559630575,239.1167027112504,54870400
2025-09-05,GOOGL,234.18099975585935,234.93834560019891,231.09179750662292,231.3907550155185,46588900
2025-09-05,MSFT,490.9605407714844,507.7920578951392,488.3519981058333,504.9157294675595,31994800
2025-09-08,AAPL,237.0045166015625,239.2661511981365,235.4701758698508,238.41928864081729,48999500
2025-09-08,GOOGL,233.4329071044922,237.512309448077,233.0638717332001,234.85920568133892,32474700
2025-09-08,MSFT,494.1344299316406,497.1099483047291,490.990285532587,494.0451377441344,16771000
2025-09-09,AAPL,233.4875030517578,237.9011915581232,232.5011411802574,236.12774389612645,66313900
2025-09-09,GOOGL,239.00840759277344,239.84622499047865,232.62499998265747,233.56256406927383,38061000
2025-09-09,MSFT,494.3427429199219,498.1514030762742,493.6385453300377,497.3380873986388,14410500
2025-09-10,AAPL,225.9553375244141,231.56462228661687,225.1184326270808,231.33547301291117,83440800
2025-09-10,GOOGL,238.5496063232422,241.0331528996711,237.23303823372945,238.28030242478397,35141100
2025-09-10,MSFT,496.2867126464844,499.1233892811019,492.66650462093776,498.8754294126598,21611800
2025-09-11,AAPL,229.18341064453125,229.60186307827533,225.81584532196928,226.04500979013488,50208600
2025-09-11,GOOGL,239.7464904785156,241.62161874698785,235.63718236935347,239.25777124796903,30599300
2025-09-11,MSFT,496.9215087890625,499.0638857033828,493.8170463660224,498.15138006137016,18881600
2025-09-12,AAPL,233.20852661132807,233.6468944473401,228.17710979485463,228.3763706662473,55824200
2025-09-12,GOOGL,240.1753845214844,241.4520630725996,237.38264448371652,239.7464919977143,26771600
2025-09-12,MSFT,505.7389221191406,508.3672905695674,499.73830564164535,502.51544395369297,23624900
2025-09-15,AAPL,235.828857421875,237.31337916896248,234.16500543557729,236.12775635652343,42699500
2025-09-15,GOOGL,250.9573516845703,251.7552796155814,244.0253822711298,244.0253822711298,58383800
2025-09-15,MSFT,511.1544189453125,511.26350676755015,502.8626547877709,504.6380560678344,17143800
2025-09-16,AAPL,237.2735137939453,240.3322223551857,235.45026224943368,236.30708253667356,63421100
2025-09-16,GOOGL,250.5084991455078,252.3836121103763,248.8228805399337,251.42611085580688,34109700
2025-09-16,MSFT,504.8859558105469,513.0090929577493,504.449544036503,512.6619733694059,19711900
2025-09-17,AAPL,238.1104431152344,239.21635855568803,236.8550706028844,238.09051246512183,46508000
2025-09-17,GOOGL,248.8827362060547,250.9473740826164,245.6411664684413,250.56835490468708,34108000
2025-09-17,MSFT,505.8579406738281,507.1175961354426,501.8013209933917,506.4530503919847,15816600
2025-09-18,AAPL,237.0045166015625,240.31228984200703,235.77903252032195,239.08682096339743,44249600
2025-09-18,GOOGL,251.37625122070312,253.33117381914667,249.15203994052996,251.02715300766397,31239500
2025-09-18,MSFT,504.3008117675781,508.88310546808697,503.51725007824297,507.3159820894167,18913700
2025-09-19,AAPL,244.59646606445312,245.3935247988757,239.32594197772087,240.3421770415445,163741300
2025-09-19,GOOGL,254.0592803955078,255.33595897283527,251.1568250217611,252.5930922260568,55571400
2025-09-19,MSFT,513.703369140625,515.0621842649809,506.1455578149837,506.3935176630352,52474100
2025-09-22,AAPL,255.13751220703125,255.69547916115812,247.2068166293636,247.38616206443075,105517400
2025-09-22,GOOGL,251.87496948242188,255.11653941381564,249.6507580677981,253.7700350469374,32290500
2025-09-22,MSFT,510.25189208984375,513.5150225661836,508.3574445613838,511.3826037577857,20009300
2025-09-23,AAPL,253.49359130859372,256.3928850249964,252.646728760892,254.9382669065294,60275200
2025-09-23,GOOGL,251.00721740722656,253.7002107757565,249.8302703204236,252.38362744671,26628000
2025-09-23,MSFT,505.0744323730469,510.3907077578639,503.170087241692,509.6071158201621,19799600
2025-09-24,AAPL,251.3813934326172,254.7987775332095,250.11606329601625,254.28068708944184,42303700
2025-09-24,GOOGL,246.4989471435547,251.69543970951247,245.80076590550527,251.00722705371743,28201000
2025-09-24,MSFT,505.9869079589844,508.2978806442568,502.7832857896144,506.215041937542,13533700
2025-09-25,AAPL,255.9246063232422,256.22352044118514,250.7836088309123,252.27808820484515,55202100
2025-09-25,GOOGL,245.1524200439453,245.8506164364007,240.1155317960277,243.76602627878,31020400
2025-09-25,MSFT,502.8923645019531,505.84805701475193,500.9186136455738,504.1519897302721,15786500
2025-09-26,AAPL,254.51980590820312,256.6519291955366,252.84598111295836,253.1648106749593,46076300
2025-09-26,GOOGL,245.90049743652344,248.7730319241888,245.33198386371188,246.42913668030897,18503200
2025-09-26,MSFT,507.28619384765625,509.7459665668784,502.4856945681329,505.8976246789574,16213100
2025-09-29,AAPL,253.49359130859372,254.06150078407973,252.07881928540596,253.62311772285491,40127700
2025-09-29,GOOGL,243.4169464111328,250.4985201433971,242.1402679011131,247.20709239615744,32505800
2025-09-29,MSFT,510.4005737304688,512.6322125671903,504.7272809455784,507.325895548039,17617800
2025-09-30,AAPL,253.6928558349609,254.97810138533345,252.1784458386236,253.9220050782957,37704300
2025-09-30,GOOGL,242.46942138671875,242.65891575563484,238.6294019345709,242.18016510404112,34724300
2025-09-30,MSFT,513.7232666015625,513.9315141469417,505.5009089039439,509.0516808953517,19728200
2025-10-01,AAPL,254.5098419189453,257.83756097799323,253.9917514638179,254.10134722927504,48713900
2025-10-01,GOOGL,244.2647399902344,245.66111761710096,237.9910625183314,240.12551089529904,31658200
2025-10-01,MSFT,515.4689331054688,516.262392605391,507.5143608700387,510.5989672146665,22632300
2025-10-02,AAPL,256.18365478515625,257.229778167004,253.2146115335708,255.6356607808825,42630200
2025-10-02,GOOGL,245.0526885986328,246.16977847594512,241.6714827842888,244.5140808226371,25483300
2025-10-02,MSFT,511.53131103515625,517.343476169315,506.5126054199375,513.4158303625842,21222900
2025-10-03,AAPL,257.07037353515625,258.2858846694617,253.01536064819075,253.73271197999827,49155600
2025-10-03,GOOGL,244.71360778808597,245.66114059757743,241.0331766174326,243.85583788051036,30249600
2025-10-03,MSFT,513.1281127929688,516.2425031799986,510.7973143114264,512.8801529316524,15112300
2025-10-06,AAPL,255.7452850341797,258.1165305885388,254.1113214696764,257.0404883747525,44664100
2025-10-06,GOOGL,249.7803955078125,250.6681015230512,243.94557911341744,244.14505728413704,28894700
2025-10-06,MSFT,524.256591796875,526.6965386672223,513.9712214168786,514.377848960065,21388600
2025-10-07,AAPL,255.53607177734372,256.45266881763376,254.48991791397023,255.86484387966763,31955800
2025-10-07,GOOGL,245.12252807617188,249.7903967365714,244.88316034229132,247.62602723387863,23181300
2025-10-07,MSFT,519.7040405273438,525.4765536672338,517.1847899970462,523.9788663400786,14615200
2025-10-08,AAPL,257.1102294921875,257.5685279874928,255.16739414069707,255.5758888188916,36496900
2025-10-08,GOOGL,243.98545837402344,245.3718521480096,243.18754572478312,244.3245879910796,21307100
2025-10-08,MSFT,520.5668334960938,522.6497323527587,518.8212471755213,519.0096990644043,13363400
2025-10-09,AAPL,253.1050262451172,257.0504585775582,252.2083446799687,256.8611554198282,38322000
2025-10-09,GOOGL,240.9034881591797,244.12510552114733,238.5296568297252,243.8358644557508,27892100
2025-10-09,MSFT,518.136962890625,520.0512058016051,513.1777655449532,518.07745494396,18343600
2025-10-10,AAPL,244.3673095703125,255.436420799504,243.10197943699816,254.00171816056968,61999100
2025-10-10,GOOGL,235.95635986328125,243.45684250665408,235.2282424787384,240.8037387238312,33180300
2025-10-10,MSFT,506.790283203125,519.3073226434543,505.4711500363669,515.3994727403434,24133800
2025-10-13,AAPL,246.7485198974609,248.7710475029622,244.6562426215344,248.46219085423505,38142900
2025-10-13,GOOGL,243.5166931152344,243.8657913377574,239.0882228174084,239.5869258671789,24995000
2025-10-13,MSFT,509.8550720214844,512.1957986627914,507.504417299456,512.1957986627914,14284200
2025-10-14,AAPL,246.8581085205078,247.93413549962375,243.79940008876653,245.69241642712316,35478000
2025-10-14,GOOGL,244.81332397460935,246.47899033376285,239.88613541009548,240.60426901896764,22111600
2025-10-14,MSFT,509.3789978027344,511.07506506957225,501.8707658398511,506.0662576446326,14684300
2025-10-15,AAPL,248.42233276367188,250.8932163906544,246.559219921403,248.5717898296712,33893600
2025-10-15,GOOGL,250.37884521484372,251.4560455996756,245.3519253048375,246.6086514775368,27007700
2025-10-15,MSFT,509.2401123046875,512.9694382549203,505.838110317394,510.75765569343554,14694700
2025-10-16,AAPL,246.53929138183597,248.1234359576197,244.22783772705108,247.33635013275975,39777000
2025-10-16,GOOGL,250.8077392578125,256.29345747170413,249.45126638195015,251.1169327071502,27997200
2025-10-16,MSFT,507.4349670410156,512.6321960787722,503.9833851231019,508.3970827878481,15559600
2025-10-17,AAPL,251.36148071289065,252.4474806979352,246.3599669580113,247.1072067041429,49147000
2025-10-17,GOOGL,252.6429748535156,253.5605866634714,247.1672097408255,250.10955476977685,29671600
2025-10-17,MSFT,509.388916015625,511.27337462741934,503.1700633614309,504.88595648751925,19867800
2025-10-20,AAPL,261.2748413085937,263.4069798400544,254.68918336894043,254.94822099113512,90483000
2025-10-20,GOOGL,255.8845367431641,256.6625123260812,253.5705623788801,254.0293759063695,22350200
2025-10-20,MSFT,512.57275390625,514.4672014016805,509.24018745186737,510.4105508898797,14665600
2025-10-21,AAPL,261.80291748046875,264.3136625920602,260.86637452698056,260.9162087553024,46695900
2025-10-21,GOOGL,249.81033325195312,254.2188662949897,243.5166881090968,254.07923005269296,47312100
2025-10-21,MSFT,513.4356079101562,514.4572316509175,508.8533142722573,513.2769402267872,15586200
2025-10-22,AAPL,257.49884033203125,261.882640960004,254.48993535873984,261.68336485657886,45015300
2025-10-22,GOOGL,251.0371551513672,255.69502480450944,248.64337127106648,253.71019631561148,35029400
2025-10-22,MSFT,516.2921142578125,520.943843958813,513.4852520447155,516.8971823641815,18962700
2025-10-23,AAPL,258.6246337890625,259.6608147081683,257.0604350924048,258.98332466328685,32754900
2025-10-23,GOOGL,252.4235382080078,254.3784456458486,251.19673296350095,252.3237915100895,19901400
2025-10-23,MSFT,516.3118896484375,519.6742395740552,514.3777908083965,518.1964086283891,14023500
2025-10-24,AAPL,261.85272216796875,263.15789839957887,258.22610426270086,260.2287163700197,38253700
2025-10-24,GOOGL,259.24578857421875,261.0012024879728,254.65771475094735,255.9144256499636,28655100
2025-10-24,MSFT,519.3370971679688,521.0628883153897,516.4607987679614,518.5237814648117,15532400
2025-10-27,AAPL,267.8207092285156,268.12956591820625,263.67601542509226,263.9051799132,44888200
2025-10-27,GOOGL,268.571533203125,269.43930209007345,263.59448643744673,264.1330942614516,35235200
2025-10-27,MSFT,527.1824951171875,530.2175212473691,524.6929685473742,527.440383046071,18734700
2025-10-28,AAPL,268.0099792480469,268.8967183092297,267.1631014853557,268.00000632210845,41534800
2025-10-28,GOOGL,266.77618408203125,270.0277373828665,265.80869904433325,268.9904266199372,29738600
2025-10-28,MSFT,537.6464233398438,549.2013167264516,536.3570441492753,545.511702993095,29986700
2025-10-29,AAPL,268.7073974609375,270.4110953948544,266.1269030442272,268.28892986747474,51086700
2025-10-29,GOOGL,273.8577880859375,274.6257797911847,266.97569238760303,267.05547147917497,43580300
2025-10-29,MSFT,537.1305541992188,541.8120671168963,532.3498815675878,540.4929039137475,36023000
2025-10-30,AAPL,270.4011535644531,273.131090148023,267.4919171420092,270.98897852374654,69886500
2025-10-30,GOOGL,280.7498779296875,290.8336389163956,279.3335478851562,290.8336389163956,74876000
2025-10-30,MSFT,521.469482421875,530.6042843733296,517.8591725476514,526.150935240438,41023100
2025-10-31,AAPL,269.3749389648437,276.29937269597025,268.16940070155243,275.9705701844509,86167100
2025-10-31,GOOGL,280.46063232421875,285.2581533777713,276.3114191679317,282.47538175038454,39267900
2025-10-31,MSFT,513.5844116210938,525.0004940086545,510.89650476941233,524.5640822050067,34006400
2025-11-03,AAPL,268.05975341796875,269.8531467885877,265.2700709373508,269.424736694289,50194600
2025-11-03,GOOGL,282.98406982421875,284.7893724933962,279.0742243823285,281.4480558536455,29786000
2025-11-03,MSFT,512.810791015625,520.6760707602963,510.3907002836433,515.5680732671589,22374700
2025-11-04,AAPL,269.0461730957031,270.49081837885313,266.6350661079627,267.3424445625432,49274800
2025-11-04,GOOGL,276.8200988769531,280.5404041676455,275.5434202802167,276.03213953132416,30078400
2025-11-04,MSFT,510.1327819824219,511.34279700787874,503.6957236126803,507.5837474278435,20958700
2025-11-05,AAPL,269.14581298828125,270.7000692568828,265.94760492323326,267.6214146886098,43683100
2025-11-05,GOOGL,283.572509765625,285.677052345188,276.62058842555,278.1466184544242,31010300
2025-11-05,MSFT,503.0213012695313,510.6287232020861,502.4460174356622,509.1111797792272,23024300
2025-11-06,AAPL,268.7771301269531,272.3937751745226,266.90407480138714,266.90407480138714,51204000
2025-11-06,GOOGL,284.0113830566406,287.60205105478576,280.41076169575746,284.58986519375543,37173600
2025-11-06,MSFT,493.04339599609375,501.5732213085109,491.7639146320967,501.5335392553728,27406500
2025-11-07,AAPL,267.4819030761719,271.2878509444664,265.78814772800683,268.8069946610708,48227400
2025-11-07,GOOGL,278.10675048828125,283.0439232317803,274.47620783787715,282.4753944065927,34479600
2025-11-07,MSFT,492.7657165527344,495.304823297102,489.22484220934433,492.89466053302914,24019800
2025-11-10,AAPL,268.6986083984375,272.9869540449525,266.7339548671466,268.2298830249396,41312400
2025-11-10,GOOGL,289.3475036621094,290.0456696400176,282.1262631003564,283.6822445549795,29557300
2025-11-10,MSFT,501.8707580566406,502.7138276367279,494.7295019610679,495.95940345274505,26101500
2025-11-11,AAPL,274.5028381347656,275.1610502271484,269.06761990152603,269.0776024957972,46208300
2025-11-11,GOOGL,290.5543518066406,291.1627853205446,286.5747114373448,287.0035887304013,19842100
2025-11-11,MSFT,504.5289001464844,505.4414057875519,498.2505695472254,500.6805581155917,17980000
2025-11-12,AAPL,272.7276306152344,274.9815052844664,270.9624464716027,274.2534760098269,48398000
2025-11-12,GOOGL,285.96630859375,291.2525794490294,282.95415298016115,290.9234183741868,24829900
2025-11-12,MSFT,506.9688720703125,507.4945458106546,495.0469415436793,505.2033686484966,26574900
2025-11-13,AAPL,272.2090759277344,275.9488963676571,271.3513946141157,273.36590026791555,49602800
2025-11-13,GOOGL,277.8474426269531,282.1063559927165,276.5208753822851,281.60765291032834,29494000
2025-11-13,MSFT,499.1828918457031,509.3095642884979,497.1992129195551,506.1455939798088,25273100
2025-11-14,AAPL,271.6705322265625,275.21088338895913,268.8681625557137,270.3142081927936,47431300
2025-11-14,GOOGL,275.6929931640625,277.8374099534448,269.997813487729,270.70596321739896,31647200
2025-11-14,MSFT,506.0166320800781,507.425057385904,493.380607454102,494.164169077362,28505700
2025-11-17,AAPL,266.73394775390625,269.7557213346742,265.00866346949266,268.0902717401977,45018300
2025-11-17,GOOGL,284.2806701660156,293.1875295999499,282.8344496120376,285.0387085276487,52670200
2025-11-17,MSFT,503.3486022949219,507.9408238780629,500.7896697837805,504.300789978241,19092800
2025-11-18,AAPL,266.7140197753906,269.9751321987233,264.59977951795884,269.2570854665072,45677300
2025-11-18,GOOGL,283.5426025390625,288.05086711584505,277.4783868942568,287.1731753233953,49158700
2025-11-18,MSFT,489.7604064941406,498.8754133867433,482.8076023204449,491.32749949419616,33815100
2025-11-19,AAPL,267.8309631347656,271.47104873805114,264.77927226211665,264.8091896065648,40424500
2025-11-19,GOOGL,292.05047607421875,303.0219431129204,285.8865137158777,286.41513772838755,68198900
2025-11-19,MSFT,483.1448364257813,491.1489881906385,478.8898366362472,486.1005289347495,23245300
2025-11-20,AAPL,265.5272521972656,274.68232536305425,265.1981613886433,270.0948061865016,45823600
2025-11-20,GOOGL,288.6991882324219,305.625169818548,287.92121274474346,303.7500416076266,62025200
2025-11-20,MSFT,475.4138793945313,490.45844852333465,472.50235794747454,489.6038543571072,26802500
2025-11-21,AAPL,270.7530212402344,272.5880228442522,264.9488429624803,265.22808167538,59030800
2025-11-21,GOOGL,298.8827209472656,303.1316807498811,293.0877938372482,295.65113486551246,74137700
2025-11-21,MSFT,469.1436462402344,475.9007957312625,465.3179114267742,475.4834301610789,31769200
2025-11-24,AAPL,275.1710205078125,276.24807542504453,270.164627965921,270.164627965921,65585800
2025-11-24,GOOGL,317.75360107421875,318.651290855991,308.7969143651049,310.3229443803346,85165100
2025-11-24,MSFT,471.0118103027344,473.8935220644432,465.0694984877541,472.0055061050608,34421000
2025-11-25,AAPL,276.2181396484375,279.6188865292943,274.5028075356392,274.52274228722064,46914200
2025-11-25,GOOGL,322.6010131835937,327.9770159307299,316.82602366827604,325.3638169665917,88632100
2025-11-25,MSFT,473.9829711914063,476.1293578546732,461.95927573241335,471.0813963074052,28019800
2025-11-26,AAPL,276.79656982421875,278.7712060098946,275.8790842359358,276.2081750495132,33431400
2025-11-26,GOOGL,319.1200866699219,323.6582721471574,315.9682798124272,319.8481736259059,51373400
2025-11-26,MSFT,482.4393310546875,485.2316139433245,478.1664510662567,483.244222260298,25709100
2025-11-28,AAPL,278.093017578125,278.2426042891834,275.2407657367699,276.5073375714406,20135600
2025-11-28,GOOGL,319.3494567871094,326.0021684294219,315.9682661584897,322.53118447190013,26018600
2025-11-28,MSFT,488.9082946777344,489.5243812398697,483.5820692635899,484.5260924315005,14386700
2025-12-01,AAPL,282.3314819335937,282.650620542313,275.390384584981,277.255303275414,46587700
2025-12-01,GOOGL,314.0732421875,319.02036824755595,313.07583602161014,316.87595107857686,41183000
2025-12-01,MSFT,483.6714782714844,486.7718042788117,481.5946577130528,485.3607732415945,23964000
2025-12-02,AAPL,285.4131164550781,286.619823290159,281.86278279875575,282.231773534172,53669500
2025-12-02,GOOGL,314.9908447265625,317.5541859262309,313.095779063488,315.9184251730286,35854700
2025-12-02,MSFT,486.9109497070313,490.38888506208144,483.2541563831954,483.6516286444489,19562700
2025-12-03,AAPL,283.378662109375,287.8365294074879,282.5309633672564,285.4231155973949,43538700
2025-12-03,GOOGL,318.8009338378906,320.74585757492326,313.2852790244178,315.0706445626379,41838300
2025-12-03,MSFT,474.7182922363281,481.1872310931236,472.2042431453193,473.3171775583083,34615100
2025-12-04,AAPL,279.93804931640625,283.9571086251454,277.8337611056945,283.32881389666403,43989100
2025-12-04,GOOGL,316.7961120605469,321.52380710663783,313.8837033726762,321.3941698854088,31240900
2025-12-04,MSFT,477.8087158203125,478.28570075231454,473.48613274494215,476.7355376297969,22318200
2025-12-05,AAPL,278.02325439453125,280.3768640337961,277.2952250127556,279.7784866384076,47265800
2025-12-05,GOOGL,320.4366455078125,322.32175763971526,318.3421170569229,318.6612638744486,28851700
2025-12-05,MSFT,480.1140747070313,480.3525519991133,475.86105782216015,479.4780948278929,22608700
2025-12-08,AAPL,277.1356506347656,278.9108174051644,275.4003533668138,277.374989388386,38211800
2025-12-08,GOOGL,313.11090087890625,319.81785493964355,310.6157547321785,319.4285975207571,33909400
2025-12-08,MSFT,487.9244995117188,489.1964289193557,481.3263751862239,481.8331697469475,21965900
2025-12-09,AAPL,276.4275817871094,279.2698514894354,276.16830825817004,277.40493251311347,32193300
2025-12-09,GOOGL,316.4643859863281,317.3726229056239,311.2944500995635,311.7635388280278,30194000
2025-12-09,MSFT,488.918212890625,489.0175885389743,485.4204144751398,486.01663804004494,14696100
2025-12-10,AAPL,278.02325439453125,278.9906225605669,275.6896099437804,276.99605153243056,33038300
2025-12-10,GOOGL,319.5883178710937,320.6861883612462,314.069055340672,315.2168165746965,33428900
2025-12-10,MSFT,475.5430603027344,481.19719183884354,472.084987996716,480.97857754952304,35756200
2025-12-11,AAPL,277.2752380371094,278.83100071126506,273.06669274298736,278.342340640522,33248000
2025-12-11,GOOGL,311.82342529296875,320.49655652430846,308.0008744502611,319.45856710455377,42353700
2025-12-11,MSFT,480.4221496582031,482.9660086920916,472.86010822118624,473.6252734590456,24669200
2025-12-12,AAPL,277.52459716796875,278.4620479370953,276.0685689150702,277.14562382282355,39532900
2025-12-12,GOOGL,308.68951416015625,314.25866704717134,304.9667450846256,313.0909556884665,35940200
2025-12-12,MSFT,475.5132751464844,479.4085762318817,473.3370788032073,476.7951512874317,21248100
2025-12-15,AAPL,273.3658752441406,279.3894873363706,272.0993337942639,279.3894873363706,50409100
2025-12-15,GOOGL,307.6216125488281,310.8154121445851,304.28810059210934,310.7156001962807,29151900
2025-12-15,MSFT,471.82666015625,477.6894594742654,469.5411415575728,477.0733729131614,23727700
2025-12-16,AAPL,273.8645324707031,274.752131096348,271.0522107383373,272.07941349564567,37648600
2025-12-16,GOOGL,305.97479248046875,310.1666197797816,302.002508804578,304.3579426322819,30585000
2025-12-16,MSFT,473.38677978515625,474.8773235577871,467.911505956298,468.9350114671635,20705600
2025-12-17,AAPL,271.10205078125,275.41033087528734,270.9026119684932,274.2634587890498,50138700
2025-12-17,GOOGL,296.1439208984375,307.4918412298865,295.54507970361715,307.4120099511304,43930400
2025-12-17,MSFT,473.1184387207031,476.9739832708393,472.0055042784347,473.903466892556,24527200
2025-12-18,AAPL,271.4511108398437,272.8872042261758,266.22534517191764,272.86723904028526,51630700
2025-12-18,GOOGL,301.8727722167969,303.3698600006946,298.6490626821344,301.1342186567393,33518000
2025-12-18,MSFT,480.9289245605469,486.5134903409317,474.8773205213831,475.1754171439269,28573500
2025-12-19,AAPL,272.9271240234375,273.8545921928022,269.1673383776201,271.4112306527045,144632000
2025-12-19,GOOGL,306.56365966796875,306.65348128006514,300.3856749721532,301.1442091965169,59943200
2025-12-19,MSFT,482.856689453125,484.7745151206103,479.44828972039977,484.2875835443981,70836100
2025-12-22,AAPL,270.2344665527344,273.1365711538121,269.775723721713,272.1193204151364,36571800
2025-12-22,GOOGL,309.1785888671875,309.5279154654388,304.70727541789904,309.27840081787804,26429900
2025-12-22,MSFT,481.8629760742188,485.6489546100234,479.6470235443271,483.05539282771,16963000
2025-12-23,AAPL,271.62066650390625,271.7603010837797,268.8282792538215,270.1048034873943,29642000
2025-12-23,GOOGL,313.7396850585937,314.328535898872,308.7194521900694,309.0288478780405,25478700
2025-12-23,MSFT,483.7807922363281,484.7545946839082,481.6840783901604,481.922585996358,14683600
2025-12-24,AAPL,273.0667419433594,274.6823395934045,271.46112688748974,271.60073103225574,17910600
2025-12-24,GOOGL,313.48016357421875,314.4682316573388,311.3143938726672,314.15883598568854,10097400
2025-12-24,MSFT,484.94342041015625,486.0762481946253,481.77352833631136,482.61817584356095,5855900
2025-12-26,AAPL,272.6578063964844,274.6224597374741,272.11926379011726,273.4157529954652,21521800
2025-12-26,GOOGL,312.9013671875,314.4782864028367,311.6737441219225,313.8694852656388,10899000
2025-12-26,MSFT,484.6354064941406,485.04282544173617,482.8964387136479,483.64171061957336,8842200
2025-12-29,AAPL,273.0168762207031,273.6152231466168,271.6107000753325,271.9497734782625,23715200
2025-12-29,GOOGL,312.9512634277344,313.410361871903,310.0169686016006,310.7655125785055,19621800
2025-12-29,MSFT,484.02923583984375,485.2713556042012,481.1276307272214,481.8033366009864,10893400
2025-12-30,AAPL,272.33868408203125,273.3359694836473,271.54086793463244,272.06942798009953,22139600
2025-12-30,GOOGL,313.2406616210937,316.3346490163796,311.85334570689247,311.8932765746258,17380900
2025-12-30,MSFT,484.4068603515625,486.5929730105466,482.43933166580535,482.8666136001516,13944500
2025-12-31,AAPL,271.1220092773437,272.9370761103812,271.0123224859311,272.3187639976345,27293600
2025-12-31,GOOGL,312.3923034667969,313.9692224596297,310.83533467851674,312.2426007868329,16377700
2025-12-31,MSFT,480.5711669921875,485.0626915008753,480.25317705215497,484.7645645601486,15601600
2026-01-02,AAPL,270.2743225097656,277.0857683126949,268.2697691424855,271.5209292436992,37838100
2026-01-02,GOOGL,314.5381164550781,321.87385220157,309.7274673850438,316.28471875384633,32009400
2026-01-02,MSFT,469.95849609375,481.6046121327098,467.1960229709088,481.3363251826272,25571600
2026-01-05,AAPL,266.5345153808594,270.7729784841199,265.41756056202854,269.9053450243044,45647200
2026-01-05,GOOGL,315.9254455566406,318.4006111389099,314.01915017003046,317.0432662013207,30195600
2026-01-05,MSFT,469.86907958984375,473.0687813775576,466.5401924921144,471.071443053882,25250300
2026-01-06,AAPL,261.6477966308594,266.82371056256306,261.40845786144683,266.27521573774703,52352100
2026-01-06,GOOGL,313.7297058105469,320.3168980142969,311.17467848252585,315.7857038876524,31212100
2026-01-06,MSFT,475.4933776855469,475.7219083069673,466.7885929433101,470.81304872472026,23037700
2026-01-07,AAPL,259.623291015625,262.964203143993,259.1047135716701,262.48552563718374,48309800
2026-01-07,GOOGL,321.3549194335937,325.5168067446344,313.5800344006012,313.74968730616825,35104400
2026-01-07,MSFT,480.4221496582031,486.61288592496,474.9369593023546,476.7355464241618,25564200
2026-01-08,AAPL,258.3368530273437,258.5861744106298,255.005907781442,256.32231677215987,50419300
2026-01-08,GOOGL,324.80816650390625,329.6786969446188,320.8758135066914,328.3313118537803,31896100
2026-01-08,MSFT,475.0959167480469,479.6172511411785,472.86010104573086,478.206189665966,18162600
2026-01-09,AAPL,258.6659240722656,259.5036402038468,255.52448097015204,258.3767027680543,39997000
2026-01-09,GOOGL,327.9320983886719,330.1876899539591,325.16745676828174,326.45496079982934,26214200
2026-01-09,MSFT,476.258544921875,476.7951491709672,469.2231916595613,471.07145138115897,18491000
2026-01-12,AAPL,259.54351806640625,260.5906555331263,256.1028713590674,258.45648066308013,45263800
2026-01-12,GOOGL,331.2156982421875,333.3914890456728,324.3690311583512,325.1674658209474,33923900
2026-01-12,MSFT,474.1717529296875,477.95773148860775,472.68120923483104,473.6649886945649,23519900
2026-01-13,AAPL,260.3413391113281,261.0992857475004,257.6885867541948,258.0176775418968,45730800
2026-01-13,GOOGL,335.31768798828125,339.82890107364614,332.97224461379506,334.2996793666924,33517600
2026-01-13,MSFT,467.7028198242188,472.7805908527595,463.0125743921385,471.68751939768345,28545800
2026-01-14,AAPL,259.2543334960937,261.10930037675524,256.0131555781144,258.78560808748875,40019400
2026-01-14,GOOGL,335.1879577636719,335.8666302231012,329.83837890700147,334.40947336413166,28525600
2026-01-14,MSFT,456.4840087890625,465.24841354789686,454.2879494306214,463.5193621312373,28184300
2026-01-15,AAPL,257.5090637207031,260.3313985459844,256.35220896361545,259.9424426175537,39388600
2026-01-15,GOOGL,332.1339111328125,337.03438209247,330.097863235539,336.99445122357054,28442400
2026-01-15,MSFT,453.7811279296875,461.32327541703046,453.0259094171898,461.1940901109254,23225800
2026-01-16,AAPL,254.8363494873047,258.1971965798445,254.2379721311412,257.1999111311508,72142800
2026-01-16,GOOGL,329.3593139648437,334.00028002450074,327.0637915356931,333.7607557246461,40341600
2026-01-16,MSFT,456.9609375,460.2699615067369,453.60227115836847,454.9437362325269,34246700
2026-01-20,AAPL,246.0303192138672,254.09835490933511,242.75922413209136,252.04394930256512,80267500
2026-01-20,GOOGL,321.3748474121094,327.0937337673917,319.80788820634325,320.2470363972373,35361000
2026-01-20,MSFT,451.6546020507813,453.9202272514996,446.4476457864541,448.37541805572727,26130000
2026-01-21,AAPL,246.97775268554688,250.8771427168815,244.51445623630568,248.02490552393743,54641700
2026-01-21,GOOGL,327.7424621582031,331.83450818795274,318.729994927537,320.2969541162656,35386600
2026-01-21,MSFT,441.3102111816406,449.8361378186282,435.9144504613163,449.74670883889326,37980500
2026-01-22,AAPL,247.67584228515625,250.31864258405668,247.47637302553755,248.52352576906395,39708300
2026-01-22,GOOGL,329.89825439453125,334.49928930997066,328.11172120927307,333.8006666576773,26253600
2026-01-22,MSFT,448.29595947265625,449.98522421932967,441.8965557848095,444.7981306791853,25349400
2026-01-23,AAPL,247.3666839599609,248.7329754164565,244.01580413580567,246.6486524137701,41689000
2026-01-23,GOOGL,327.2933044433594,333.0421309365838,326.8142558744754,331.8444485977197,27280000
2026-01-23,MSFT,463.0125732421875,468.1301005814363,447.6897705604439,449.0213193023424,38000200
2026-01-26,AAPL,254.7166748046875,255.863546959882,249.12190294519743,250.7973351598156,55969200
2026-01-26,GOOGL,332.61297607421875,335.1879535299186,326.3651202937951,327.1735452193246,26042100
2026-01-26,MSFT,467.3152770996094,471.2602507862521,459.0874767807031,462.3766075757791,29291200
2026-01-27,AAPL,257.5688781738281,261.23891141767155,257.50904348719195,258.4664593428383,49648300
2026-01-27,GOOGL,333.90045166015625,337.2539439848537,332.8325522369338,334.71886692218493,21636200
2026-01-27,MSFT,477.5503234863281,479.82589540353166,470.1771174893794,470.7137217228436,29213900
2026-01-28,AAPL,255.74388122558597,258.1572949521919,253.81911240916085,256.9505880888889,41288000
2026-01-28,GOOGL,335.3576354980469,336.8846637353836,331.2955302242731,335.40752623810386,27434400
2026-01-28,MSFT,478.5937194824219,480.69040309270366,474.9865988275796,480.1637455245845,36875400
2026-01-29,AAPL,257.5788879394531,258.94516415300217,253.7193980705993,257.29964922744847,67253000
2026-01-29,GOOGL,337.5932922363281,341.62545715973704,325.9060355700189,339.6393000059441,39785600
2026-01-29,MSFT,430.7671508789063,439.7104135269112,418.365815756604,437.2162272399066,128855300
2026-01-30,AAPL,258.775634765625,261.1890484668085,251.4954328536096,254.47732177254832,92443400
2026-01-30,GOOGL,337.3437805175781,339.33989756206086,331.64487488391205,339.33989756206086,31024000
2026-01-30,MSFT,427.577392578125,436.8286984461687,423.7616041817895,436.4014165119217,58566800
2026-02-02,AAPL,269.2770690917969,269.7557466562268,258.50636737104884,259.3241487899344,73913400
2026-02-02,GOOGL,343.022705078125,344.16047585276425,334.97835654941485,335.5672073695487,32006100
2026-02-02,MSFT,420.7009887695313,428.02452201181774,419.58805431821895,427.5276741085398,42219900
2026-02-03,AAPL,268.7485046386719,271.1419837262723,266.88355520832346,268.4692659190308,64394700
2026-02-03,GOOGL,339.0504455566406,348.322417578686,336.8148042563824,346.66563680855586,36506700
2026-02-03,MSFT,408.61767578125,419.3893355198486,405.9843877548957,419.3496095186449,61424100
2026-02-04,AAPL,275.73944091796875,278.19278500760885,271.5508603406617,271.5508603406617,90545700
2026-02-04,GOOGL,332.3934326171875,342.6434831024425,327.8821884154679,342.2941565134455,70618400
2026-02-04,MSFT,411.5788879394531,417.15350712085007,406.6600813351222,408.4089957411405,45012400
2026-02-05,AAPL,275.1610107421875,278.7412615768201,272.48829324857786,277.3749854862336,52977400
2026-02-05,GOOGL,330.6069030761719,332.0441098613053,305.8650224655501,311.6138496060838,88205800
2026-02-05,MSFT,391.1882629394531,405.7260079125925,389.8467674620769,404.8714440282319,66289200
2026-02-06,AAPL,277.3650207519531,280.14745564173626,276.1782486476445,276.3677353153735,50453400
2026-02-06,GOOGL,322.233154296875,329.7385737476322,319.2988903139048,326.54477434837446,56380500
2026-02-06,MSFT,398.6111755371094,399.2570717870675,390.44299427907015,396.653593461728,53515300
2026-02-09,AAPL,274.1307983398437,277.70443813431814,271.2160169672847,277.41494619870406,44623400
2026-02-09,GOOGL,323.6903381347656,327.0637807183464,316.6440476026885,320.3069052195784,39640100
2026-02-09,MSFT,410.99261474609375,412.2744908996196,398.3428555009064,402.2977759502542,45480500
2026-02-10,AAPL,273.19244384765625,274.87943562430115,272.4537718732244,274.4003102195724,34376900
2026-02-10,GOOGL,317.9614562988281,321.0454837970353,313.9991629255859,320.3468306795893,39170000
2026-02-10,MSFT,410.6646423339844,421.009018998737,410.0982587889407,416.9746165751398,44857900
2026-02-11,AAPL,275.0092163085937,279.6808719096702,273.9610989943363,274.2106536370846,51931300
2026-02-11,GOOGL,310.3562316894531,320.4366276261131,309.0587679521404,318.3506892240785,45406400
2026-02-11,MSFT,401.8207702636719,413.8345489802859,398.4819668946231,413.5563153661985,42491000
2026-02-12,AAPL,261.2637634277344,275.22883180172755,259.71650632997444,275.0990585104662,81077200
2026-02-12,GOOGL,308.40008544921875,315.62601945223736,306.60359228041904,311.4840826487114,47761300
2026-02-12,MSFT,399.3067626953125,403.6392926521932,395.50092068537,402.4468454245618,40802400
2026-02-13,AAPL,255.3243560791016,261.7628783299504,254.9949421084194,261.5432690161623,56290700
2026-02-13,GOOGL,305.1264343261719,308.03078810659247,303.1203270701956,307.1325415821482,38499700
2026-02-13,MSFT,398.7900085449219,402.98340606348665,395.5406038478973,401.90028127287496,34091600
2026-02-17,AAPL,263.4099426269531,265.8156532326085,255.08478749757865,257.5903108294174,58469100
2026-02-17,GOOGL,301.43359375,303.84890853372514,295.674807618098,299.45745756709624,39247600
2026-02-17,MSFT,394.3581237792969,397.9950542597942,392.04282577248057,396.7032617740463,32078800
2026-02-18,AAPL,263.8791198730469,266.3447212846438,261.9825104325609,263.1304558468116,34203300
2026-02-18,GOOGL,302.7410888671875,304.7871271852118,300.66514046909924,301.5035060024616,28482100
2026-02-18,MSFT,397.0808410644531,400.02217209191446,393.8215201082963,395.6201070500213,23223400
2026-02-19,AAPL,260.11578369140625,264.00886051677537,259.5867290635135,262.1322047157328,30845300
2026-02-19,GOOGL,302.26202392578125,304.87693233204385,299.4574819671566,301.23402488534225,25834400
2026-02-19,MSFT,396.8517761230469,402.7976819572589,395.0690225854118,399.0727866126233,28234000
2026-02-20,AAPL,264.1086730957031,264.2783836675007,257.7001265171608,258.50868117461044,42070500
2026-02-20,GOOGL,314.3684997558594,315.88553781924986,303.3099937290923,303.72919173070744,53210800
2026-02-20,MSFT,395.6267395019531,398.5050592846536,393.5650869938953,394.5112344348997,34015200
2026-02-23,AAPL,265.705810546875,268.95002088588865,262.91081074777924,263.0206001676805,37308200
2026-02-23,GOOGL,310.8852233886719,318.8996316925602,309.2683735389658,318.43054299285177,31423000
2026-02-23,MSFT,382.9182434082031,393.7642745182822,381.55377772275136,393.405742102137,43238300
2026-02-24,AAPL,271.6552429199219,274.4003442568012,267.233111068832,267.38283777638213,47014600
2026-02-24,GOOGL,310.29638671875,311.6637220131571,305.33603467292323,309.91711960911005,25615600
2026-02-24,MSFT,387.429931640625,387.7884640317496,380.1693467763097,382.5895619940176,33884700
2026-02-25,AAPL,273.74151611328125,274.45024283739696,270.567157599074,271.29586819299504,33714300
2026-02-25,GOOGL,312.2925109863281,313.031095017384,308.8392369672335,311.4541454679639,29963600
2026-02-25,MSFT,398.9831237792969,399.84960746436826,388.5852587696308,388.9537605304631,43625500
2026-02-26,AAPL,272.4637756347656,275.61811956353745,270.3175813011377,274.4602128097023,32345100
2026-02-26,GOOGL,306.783203125,312.53202939170336,301.762970472535,312.0330001798944,36431200
2026-02-26,MSFT,400.0986022949219,405.8453028142193,397.1306190557743,403.0765245044552,34405900
2026-02-27,AAPL,263.7094116210937,272.3240439665745,262.4217314181026,272.3240439665745,72366500
2026-02-27,GOOGL,311.1547241210937,311.7635251790807,303.21015662264614,303.5495233120643,44640600
2026-02-27,MSFT,391.1548461914063,395.2183958601928,388.30640407164015,389.3023679559341,51367200
2026-03-02,AAPL,264.2484130859375,266.0551862059976,259.73647625260065,261.94253069595567,41827900
2026-03-02,GOOGL,305.9248962402344,307.89107280501906,300.7150293830805,302.6413055358027,34790200
2026-03-02,MSFT,396.9413757324219,399.5707348557469,389.0533591512552,391.2743390590049,35474900
2026-03-03,AAPL,263.2801818847656,265.08695529305965,259.6666350681776,263.0106738027697,38568900
2026-03-03,GOOGL,302.9905700683594,303.34988694776314,296.1339134078651,298.01026816236094,35497000
2026-03-03,MSFT,402.2996826171875,405.05852201627056,391.0851500003899,391.5532542396072,38199200
2026-03-04,AAPL,262.0523376464844,265.67587606267574,260.9543215497597,264.17854815272653,39803100
2026-03-04,GOOGL,302.54150390625,304.8769573413998,300.1661195993462,302.30197959238774,29536200
2026-03-04,MSFT,403.5645751953125,409.3710312257941,398.6942972465369,399.6504140582061,35808000
2026-03-05,AAPL,259.8263244628906,261.09405110124777,256.79173142961054,260.3254337562426,49658600
2026-03-05,GOOGL,300.2958679199219,302.7111526067185,297.41146402777275,302.4516780897468,35752300
2026-03-05,MSFT,409.0224304199219,409.9486695143622,402.7677785996419,402.78771732924594,39001300
2026-03-06,AAPL,257.0013427734375,258.3090066542827,253.916851068475,258.16927189629365,41120000
2026-03-06,GOOGL,297.9404296875,299.94653713519574,294.60691775969326,295.5151547022239,25576900
2026-03-06,MSFT,407.3093872070313,411.3828759024364,406.8612216895844,407.5484392107424,31123900
2026-03-09,AAPL,259.41705322265625,260.68477987096253,253.2280857512349,255.2345148744848,38218500
2026-03-09,GOOGL,305.9804077148437,306.4198649966507,293.71562375842984,293.99527562141907,29312100
2026-03-09,MSFT,407.757568359375,408.5543272911556,401.8714182880504,403.2857003455267,30131900
2026-03-10,AAPL,260.3653564453125,262.01244158439727,256.4922936817907,257.19102845716964,30590800
2026-03-10,GOOGL,306.6596069335937,309.1265479913924,305.1914269440574,305.79068968096857,23239700
2026-03-10,MSFT,404.122314453125,408.5443965203919,401.30371964643086,408.3750692869274,31706400
2026-03-11,AAPL,260.34539794921875,261.6630538494394,259.08763272962494,260.624897946549,26218900
2026-03-11,GOOGL,308.31756591796875,311.0341973481569,305.5410112597432,306.3699695674413,24125700
2026-03-11,MSFT,403.245849609375,407.35918518479474,399.96912002302975,403.9330670994013,25512100
2026-03-12,AAPL,255.3043975830078,258.4887327594216,253.7272102811576,258.1992408199258,40794000
2026-03-12,GOOGL,303.17388916015625,308.5572255769297,300.65702241451555,306.4398571350748,24928300
2026-03-12,MSFT,400.2380065917969,404.4808221962511,400.0886180975,402.9968458288957,27263900
2026-03-13,AAPL,249.6744384765625,255.87336762960535,249.0755164384504,255.024890934378,36930000
2026-03-13,GOOGL,301.9054870605469,307.3087879643589,300.0677703977713,306.6296377698095,23693100
2026-03-13,MSFT,393.9534912109375,403.1661568819284,392.6587503554791,399.3815063856616,26848000
2026-03-16,AAPL,252.36964416503903,253.43773019062647,249.4348789230203,251.66090222791988,32074200
2026-03-16,GOOGL,305.1814270019531,306.11026747244654,302.64456537566065,303.97293465389924,23519700
2026-03-16,MSFT,398.3357543945313,399.013002518604,393.1965772756644,396.4633374914087,27733700
2026-03-17,AAPL,253.7771148681641,254.67552076289968,251.7307636559193,252.5093881906664,32361600
2026-03-17,GOOGL,310.5347900390625,311.03417054952814,305.1214918945171,305.48103123176395,21955200
2026-03-17,MSFT,397.7979431152344,402.7677932271478,396.1446394015159,398.6544574759768,26228300
2026-03-18,AAPL,249.4947662353516,254.48585937367065,248.5564382882904,252.1799767808244,35757900
2026-03-18,GOOGL,307.30877685546875,312.08285325242963,306.5497087361953,308.88680583632095,20009800
2026-03-18,MSFT,390.2086791992188,396.3936061005556,389.42185925959103,395.5271224277118,25908500
2026-03-19,AAPL,248.5165252685547,251.3814079598573,246.85947863088072,248.95572868612365,34864100
2026-03-19,GOOGL,306.7494812011719,307.67832164750223,301.9754046785898,303.63335165234247,25075800
2026-03-19,MSFT,387.4498596191406,390.9058555160312,385.4977789148814,388.5255176358589,25138800
2026-03-20,AAPL,247.54823303222656,248.75606899357115,245.56177255944445,247.53824109812177,88331100
2026-03-20,GOOGL,300.6270751953125,305.62088043111504,297.9004465638477,305.0815409313132,44364100
2026-03-20,MSFT,380.3287048339844,385.43800417098345,378.58576812261686,385.2288602760525,50853200
2026-03-23,AAPL,251.04200744628903,254.1464679788293,249.83415620831627,253.51758537106093,40546100
2026-03-23,GOOGL,301.685791015625,305.60094814101865,300.5571860375472,301.7357168812967,29326900
2026-03-23,MSFT,381.4541931152344,385.64719283721575,380.1395134056624,382.3505545919761,29680100
2026-03-24,AAPL,251.1917266845703,254.3760464402864,249.10545347620703,249.9040313986812,45152300
2026-03-24,GOOGL,290.0801696777344,299.5484356615691,289.97029010977093,298.82932646685043,36864300
2026-03-24,MSFT,371.2355651855469,380.9263046350485,370.3491731415433,380.8167328036651,42733600
2026-03-25,AAPL,252.16998291015625,254.5457480998694,251.15181088451408,253.6473574345128,28476700
2026-03-25,GOOGL,290.5695495605469,295.6332754793409,288.8816409209488,293.07644958925243,29460700
2026-03-25,MSFT,369.5424499511719,375.5381416220395,368.13813722010167,375.3987224826456,31181200
2026-03-26,AAPL,252.43951416015625,256.5421934269488,250.32329549316128,251.67088153367663,41796700
2026-03-26,GOOGL,280.57196044921875,287.5932492331535,278.15494535852446,287.55329025783345,39080600
2026-03-26,MSFT,364.4928894042969,373.2075730440749,363.7160388213271,369.32332012922615,36836600
2026-03-27,AAPL,248.35679626464844,255.03488128462607,247.6281009352486,253.4477020992108,47900000
2026-03-27,GOOGL,274.0001220703125,279.02388928595167,273.6106210828978,276.9364822022131,35890600
2026-03-27,MSFT,355.3300476074219,360.9871459448897,355.07111764854045,360.4393475355788,37883400
2026-03-30,AAPL,246.19065856933597,250.4230956915925,245.07264337813007,249.62453299565456,39446200
2026-03-30,GOOGL,273.1611633300781,276.7467120540596,271.772870758184,276.07755917965534,35141200
2026-03-30,MSFT,357.5111999511719,363.8853629556265,354.8420239421825,360.43933630538186,44797000
2026-03-31,AAPL,253.33790588378903,255.0248978486836,246.65983587287727,247.4683905467953,49598100
2026-03-31,GOOGL,287.2037353515625,287.72308014338427,276.74670556560056,277.6955407888773,43875400
2026-03-31,MSFT,368.6759643554688,371.3949263066763,361.6046146993887,363.07862179545566,45244400
2026-04-01,AAPL,255.1746368408203,255.7236449097363,252.8787309132899,253.6273948962928,40059400
2026-04-01,GOOGL,297.0215759277344,300.14767254424095,290.05021252939383,290.47967248402244,37684500
2026-04-01,MSFT,367.8791809082031,372.4805292634522,366.7139201659809,371.98254731341393,29417200
2026-04-02,AAPL,255.464111328125,255.6737439434535,250.20349485503917,253.7471740568136,31289400
2026-04-02,GOOGL,295.403564453125,297.71070019384774,289.0914173614996,290.3298713924274,21666500
2026-04-02,MSFT,371.9526672363281,372.1319638369453,362.680245817395,365.7278929006101,24099100
2026-04-06,AAPL,258.3988647460937,261.6930045642991,256.0031460821725,256.0530752925303,29329900
2026-04-06,GOOGL,299.6183166503906,300.2475409865838,294.8142784540748,295.5034260146893,16945500
2026-04-06,MSFT,371.3750305175781,372.22160592655575,368.0086676124431,371.9825539180967,16146600
2026-04-07,AAPL,253.0484161376953,255.7436185540334,245.2623079794448,255.7036812801697,62148000
2026-04-07,GOOGL,305.08154296875,305.2513457589993,297.3511421656273,302.3549447988444,23205400
2026-04-07,MSFT,370.7874145507813,370.9467724245638,365.080530373921,368.8452727581139,21443300
2026-04-08,AAPL,258.4388122558594,259.28730423338584,256.07303883918246,257.9896321241455,41032800
2026-04-08,GOOGL,316.9268798828125,321.68096199730417,314.6297110626625,320.0530070056894,33547100
2026-04-08,MSFT,372.8191223144531,383.44606961738685,369.9109249891301,383.4261612830284,33064800
2026-04-09,AAPL,260.0259704589844,260.6548530924392,255.61386101634736,258.5386343954405,28121600
2026-04-09,GOOGL,318.09539794921875,319.1441153425082,310.6746106421415,315.51860784412145,23739200
2026-04-09,MSFT,371.5642395019531,371.9924966612836,365.5685176937085,370.9965328148009,30435300
2026-04-10,AAPL,260.0159912109375,261.7229364827484,258.5585701252562,259.5168819122501,31291500
2026-04-10,GOOGL,316.8469543457031,321.4312640320202,315.9281112234418,319.6235089208505,19152600
2026-04-10,MSFT,369.37310791015625,374.1238749235223,368.5365019241105,371.4746074371751,28111100
2026-04-13,AAPL,258.73828125,259.71651601158027,256.2027973984465,259.2673359057164,36234700
2026-04-13,GOOGL,320.91192626953125,321.2315371363443,315.0791651091577,316.74710955552524,18866400
2026-04-13,MSFT,382.8186340332031,382.9879612673769,369.5225100750242,372.1020528926679,35745800
2026-04-14,AAPL,258.3689270019531,261.4634109961452,256.7318642110386,258.7881922504944,48370700
2026-04-14,GOOGL,332.49755859375,332.8770926852431,323.3489033390031,324.38762340838895,27721400
2026-04-14,MSFT,391.5233459472656,393.0969858972055,384.95994763093,386.3543213772784,37504500
2026-04-15,AAPL,265.95538330078125,266.08515659729386,257.35074355126085,257.7001261657452,49913500
2026-04-15,GOOGL,336.70233154296875,337.0619013824557,330.49003638532656,332.4775916674409,24918800
2026-04-15,MSFT,409.5602722167969,412.69755239260473,395.1287651714373,396.3936283702306,45063400
2026-04-16,AAPL,262.9307861328125,266.68409800240715,260.80457553569033,266.3247234477873,43323100
2026-04-16,GOOGL,335.6036682128906,339.458901613874,334.105526677332,338.33029678032364,20541500
2026-04-16,MSFT,418.5637817382813,419.1215190686066,410.4765600541581,418.16537187855886,41642400
2026-04-17,AAPL,269.7486267089844,271.8149160854778,266.24486962975914,266.4844323486072,61436200
2026-04-17,GOOGL,341.2566833496094,341.89590508018404,335.8234205588037,337.2316773591919,25581900
2026-04-17,MSFT,421.0835876464844,429.8380884820792,418.99205736838906,423.10539315661504,48568200
2026-04-20,AAPL,272.5635681152344,273.7913879220191,269.80850557942483,269.84841238867654,36590200
2026-04-20,GOOGL,337.0019836425781,340.97703331198585,336.1929591105031,340.3378420577138,18784200
2026-04-20,MSFT,416.3826293945313,421.6213787702164,414.6197538627068,419.4501847919345,27582200
2026-04-21,AAPL,265.69586181640625,272.3140256362382,264.9272139873882,271.0163536236942,50209800
2026-04-21,GOOGL,331.8783264160156,338.9195798085849,330.9394885663705,337.2716301294484,23123800
2026-04-21,MSFT,422.4480285644531,425.4558284373716,415.516128706763,418.5438369146158,32048500
2026-04-22,AAPL,272.68341064453125,273.2523721409737,266.39461467279705,267.3429346055621,43249200
2026-04-22,GOOGL,338.8996276855469,339.3990082413208,334.7547751685775,336.6024588411248,20293000
2026-04-22,MSFT,431.1726989746094,431.9495495900464,421.9600330275293,424.4698510786937,29378200
2026-04-23,AAPL,272.9429016113281,275.2787294551341,271.1660737405759,274.56001085217736,33399600
2026-04-23,GOOGL,338.4701538085937,341.53632713037314,335.7634893621326,340.7572947145818,18650300
2026-04-23,MSFT,414.0719909667969,421.9500690544079,409.7495112929088,418.195296097549,38308000
2026-04-24,AAPL,270.5771179199219,272.5735550213531,269.16962610782736,272.2741016414235,38157100
2026-04-24,GOOGL,343.9732971191406,344.8422143498026,334.9744808477988,338.3103390739037,26426100
2026-04-24,MSFT,422.90618896484375,423.2348740747397,414.12178001797366,415.2870711617039,27457400
2026-04-27,AAPL,267.1332702636719,267.88193422863776,264.59781690250213,265.6159889280984,41466800
2026-04-27,GOOGL,349.90594482421875,352.7424225666816,342.3053878156813,345.55136124882,28576900
2026-04-27,MSFT,423.1053771972656,425.38611256831246,415.3866572294081,420.6752229306716,30867300
2026-04-28,AAPL,270.2277526855469,272.7432830913257,268.181416710472,271.8548539018017,40018900
2026-04-28,GOOGL,349.3466491699219,351.9833930501032,345.6911799613628,348.11816206941427,27824100
2026-04-28,MSFT,427.5174865722656,428.1847957314844,420.197146128082,422.8563830057505,30438100
2026-04-29,AAPL,269.688720703125,270.5571659728108,266.56429174844374,267.07336249706583,30047900
2026-04-29,GOOGL,349.5064697265625,355.3492283904879,343.78355752060145,347.1394107424554,35376300
2026-04-29,MSFT,422.746826171875,425.0973167681131,418.59367375245296,422.8663369761165,38288300
2026-04-30,AAPL,270.8666381835937,275.50834883767226,267.6623648300734,270.018146234023,91848200
2026-04-30,GOOGL,384.3232421875,385.3619622201579,365.3667768501622,373.6065555628184,72040000
2026-04-30,MSFT,406.1341552734375,412.7473701155562,396.4035989759817,409.15192465494977,70909400
2026-05-01,AAPL,279.6409912109375,286.70836594964845,277.8741246788477,278.3632420760759,79915400
2026-05-01,GOOGL,385.2121887207031,386.2808704617397,378.5804000830116,381.1572209075714,30105200
2026-05-01,MSFT,412.7672729492188,415.4264794885345,408.7834174283456,411.1338775963461,31372400
2026-05-04,AAPL,276.3368225097656,280.13007120517506,274.3703307853319,279.16179801165765,46668400
2026-05-04,GOOGL,382.7751770019531,386.9000650646733,379.31947226185457,385.15223320621686,26298600
2026-05-04,MSFT,411.9505615234375,419.0816663151199,409.1419361803058,409.87897009526375,28066500
2026-05-05,AAPL,283.6737670898437,284.0630869835518,276.00745521106614,276.43668191704,49311700
2026-05-05,GOOGL,387.9487609863281,392.33333678038815,383.5442209432822,385.7515048868787,23878600
2026-05-05,MSFT,409.7196044921875,415.09780308537887,407.1500007946646,413.6437044066962,25700900
2026-05-06,AAPL,286.99786376953125,287.5169265187869,280.5693330033821,281.4178249779708,58336100
2026-05-06,GOOGL,397.546875,399.3546301445318,392.2734176347804,393.7615619135972,31308500
2026-05-06,MSFT,412.2891845703125,416.73120520087787,403.4748984673602,406.3532485673598,30285900
2026-05-07,AAPL,286.927978515625,291.6096265406606,285.2709318587503,288.75470528792926,45224300
2026-05-07,GOOGL,397.4969177246094,399.6043194807176,392.1934987581594,399.4245497990884,24433500
2026-05-07,MSFT,419.07171630859375,426.25263786097554,417.06984955189336,418.41437649189606,34942400
2026-05-08,AAPL,292.7974853515625,294.2349225642168,289.48339230776435,289.49338424193445,52692800
2026-05-08,GOOGL,400.3034362792969,401.5019617899809,395.86893456144384,396.5081562950806,21461800
2026-05-08,MSFT,413.4445190429688,416.9403619714099,412.32904436576047,415.7053764922729,33383800
2026-05-11,AAPL,292.42779541015625,293.6267735875138,289.979924827367,291.72841688276577,42247300
2026-05-11,GOOGL,388.1585083007813,396.9475933307253,387.9887055115338,393.16228042470647,30753700
2026-05-11,MSFT,410.9944458007813,411.02432350049145,403.8633409907068,406.22377045102496,35657900
2026-05-12,AAPL,294.54595947265625,295.0155556946294,292.3078994315659,292.3078994315659,45748100
2026-05-12,GOOGL,386.8701171875,388.0386506028281,382.2957742925754,386.8601198229993,26017500
2026-05-12,MSFT,406.1241760253906,413.8229876767416,404.9987623844293,412.8071154720842,38594200
2026-05-13,AAPL,298.6124572753906,300.6607090744109,293.24708951115105,293.24708951115105,52684300
2026-05-13,GOOGL,402.1211853027344,403.1998643489371,384.5230197682841,385.1222825184223,28144600
2026-05-13,MSFT,403.5745239257813,404.6700902960666,399.41140211310335,401.5726571524119,29667100
2026-05-14,AAPL,297.9530334472656,300.1911240450107,295.12548538387824,299.5616620172475,35324900
2026-05-14,GOOGL,400.5731201171875,402.430801125594,395.349588612008,396.7878070287349,21136700
2026-05-14,MSFT,407.7774658203125,410.17774231087935,399.2619871856725,402.8474630718804,27077500
2026-05-15,AAPL,299.9713134765625,302.93875555297063,296.26448829773227,297.643304079477,54862800
2026-05-15,GOOGL,396.2884216308594,399.0450119758119,392.69287563304505,395.8290000666237,20309700
2026-05-15,MSFT,420.2170715332031,426.4418454559798,411.2434277199191,412.5979239362014,50771200
2026-05-18,AAPL,297.5833435058594,300.4009207908792,294.6558756451712,299.98126929450746,34483000
2026-05-18,GOOGL,396.4482421875,408.10376741205215,394.04122422601415,395.1997907850553,26837200
2026-05-18,MSFT,421.83056640625,423.40417602339767,413.9325494355234,414.9384827190712,32564100
2026-05-19,AAPL,298.7123718261719,300.2510533099592,296.09463441963413,296.7140952726279,42243600
2026-05-19,GOOGL,387.1797180175781,396.65795076850566,385.63162007935824,396.4681837278221,39545700
2026-05-19,MSFT,415.7352600097656,430.9535870211983,414.808990493047,428.16486989475214,33018700
2026-05-20,AAPL,301.98956298828125,302.5390768782648,297.82314269813475,297.9230626302997,38229800
2026-05-20,GOOGL,388.4281921386719,393.37204141138,382.42562803382646,387.2196997137571,31744400
2026-05-20,MSFT,419.3605346679688,420.3963455784958,409.63991780241736,412.4983595724376,27864000
2026-05-21,AAPL,304.7271728515625,305.27671719779084,300.1411318265125,300.80056674721834,42965100
2026-05-21,GOOGL,387.1797180175781,392.0137179133836,382.5454520468608,385.2221548650084,24852800
2026-05-21,MSFT,418.3025207519531,425.5388979071037,414.92886694253497,423.9518891931334,31393500
2026-05-22,AAPL,308.55389404296875,311.13165741506583,305.5764509618376,305.85620846339293,43670200
2026-05-22,GOOGL,382.49554443359375,388.258385079403,381.2970189068101,386.87012298265273,20442100
2026-05-22,MSFT,417.7835388183594,423.602571187628,415.5477269340821,418.7517174636334,22390300
2026-05-26,AAPL,308.0643005371094,311.5513139598484,307.4048960873393,309.2932516306072,48000500
2026-05-26,GOOGL,388.398193359375,388.7777274266938,382.12597532411496,384.0336125447445,27747400
2026-05-26,MSFT,415.248291015625,418.9812539216563,412.2439369671585,415.6475333356961,30398000
2026-05-27,AAPL,310.5821533203125,312.9900803339556,308.0343323058515,308.0643052358437,50430900
2026-05-27,GOOGL,388.3482360839844,393.3919975499695,385.421873594791,386.1909390913781,23087300
2026-05-27,MSFT,411.8946228027344,415.15846763645,408.8104019854481,410.2377382218162,28901500
2026-05-28,AAPL,312.24072265625,312.5304508120942,309.30325358892543,310.412282475935,48220400
2026-05-28,GOOGL,389.6466674804688,391.38450201712897,384.682823662297,387.5193014898567,24357500
2026-05-28,MSFT,426.1876831054688,428.6829856468207,411.89461329838434,412.2040283766931,47250500
2026-05-29,AAPL,311.7911071777344,314.7285763294451,309.2632884033746,311.5113496628706,70026800
2026-05-29,GOOGL,379.8687744140625,384.7626974671623,377.9910987617443,384.7626974671623,44415800
2026-05-29,MSFT,449.3940124511719,449.4838396905727,431.5476031778621,431.7372486144539,79654400
2026-06-01,AAPL,306.0460510253906,310.6720662449624,304.7571540774977,309.363197507879,48849900
2026-06-01,GOOGL,375.9037170410156,378.0910063274456,373.0572417592453,376.05352511273605,28672100
2026-06-01,MSFT,459.6546936035156,465.4438139523178,457.4089212477424,463.9665838370572,53628900
2026-06-02,AAPL,314.92840576171875,315.1781903378333,306.42572903356995,307.1950545511415,44534700
2026-06-02,GOOGL,361.4017028808594,373.07722234401785,357.99592394061045,366.1358206463617,50412300
2026-06-02,MSFT,440.4807739257813,452.647871293284,439.6024225764256,446.0403151791343,37036800
2026-06-03,AAPL,309.9926452636719,316.6668815001487,308.5838566628498,313.9092501546009,50836700
2026-06-03,GOOGL,358.54522705078125,365.9960065843375,357.6363508187865,361.5814692403301,55441600
2026-06-03,MSFT,426.53704833984375,439.5625463944663,423.4528579325816,437.62618910935214,39037000
2026-06-04,AAPL,310.9618225097656,313.26982953176514,309.3831669286496,312.96009909963743,44869100
2026-06-04,GOOGL,371.7289123535156,372.7875967270043,357.76622059782807,358.4553682250688,44055500
2026-06-04,MSFT,427.2456970214844,435.33048350032107,425.60879436274143,434.9911260035114,26899500
2026-06-05,AAPL,307.0751647949219,314.8984348439246,306.8853260765596,312.5903972939029,65310500
2026-06-05,GOOGL,368.0734252929688,371.6190149899659,363.6688852043904,365.88613605551615,37471200
2026-06-05,MSFT,415.8870849609375,428.6630214075295,413.6213308264138,427.5351398188391,34782200
2026-06-08,AAPL,301.2801818847656,317.1265012321255,300.9105055796523,308.4739595974908,77949100
2026-06-08,GOOGL,363.0766296386719,365.9647879200631,360.2984165590168,364.9454235864071,27942500
2026-06-08,MSFT,410.9663391113281,416.3761684433353,407.7923215775376,413.3618539280056,32086700
2026-06-09,AAPL,290.29962158203125,300.4908444635933,287.5320194610898,300.0212482417878,70108800
2026-06-09,GOOGL,364.0260314941406,371.84098522768176,357.0704802123837,366.8542002567408,29535100
2026-06-09,MSFT,402.6520080566406,411.2059125875929,397.7312786929967,408.2614433672717,35317300
2026-06-10,AAPL,291.3287353515625,294.4960172141002,287.1323727394638,290.4894628291428,52793300
2026-06-10,GOOGL,356.1510925292969,368.3232616719084,354.97185779418805,362.9567158453765,32357100
2026-06-10,MSFT,396.61334228515625,404.2789346443135,396.4137363631365,397.8011087010324,32576000
2026-06-11,AAPL,295.375244140625,296.7440586571729,289.3404406054596,293.4668864344149,42572500
2026-06-11,GOOGL,357.5401611328125,358.5694982511428,346.13748714351743,355.70134679025995,35538200
2026-06-11,MSFT,389.6065673828125,396.1043451719433,383.278483574852,394.46741202742857,47224100
2026-06-12,AAPL,290.879150390625,296.88398158337014,289.3704417369658,295.7749221682621,38742100
2026-06-12,GOOGL,359.4489440917969,366.3345327833823,354.7119986974298,362.3870579560934,24704600
2026-06-12,MSFT,390.00579833984375,391.003919361718,381.55171206616,390.6945042817559,34865800
2026-06-15,AAPL,296.1645812988281,297.5233947188816,291.4486474146935,293.8665449684006,45732600
2026-06-15,GOOGL,369.1127624511719,372.7504085202595,366.3145426692825,367.6936611370599,27727500
2026-06-15,MSFT,399.0088806152344,400.9951317570601,392.1118605058895,396.05442037645633,32266400
2026-06-16,AAPL,298.9821472167969,300.2210994929347,293.71669913987887,294.99559499590845,39874400
2026-06-16,GOOGL,373.01025390625,375.7584875251172,366.8242274297617,369.3626044753487,24876100
2026-06-16,MSFT,393.0899963378906,396.094350419825,389.9559121071713,395.0463355104342,31506800
2026-06-17,AAPL,295.6949768066406,301.8096980081642,294.10632015937927,300.59074812548096,42745100
2026-06-17,GOOGL,363.5563354492188,372.0908279957741,361.78745285393074,368.8929017493238,24543600
2026-06-17,MSFT,378.1980285644531,389.6364865987809,376.6110198431126,389.51671695343225,41987800
2026-06-18,AAPL,297.7532043457031,300.31099586682666,295.3652492546472,297.8530937792582,85962200
2026-06-18,GOOGL,367.7935791015625,369.2426598317581,358.4396065335441,365.5150449761754,44470100
2026-06-18,MSFT,378.6871032714844,380.6534028700893,372.5786075934489,377.1100854858111,59714200
2026-06-22,AAPL,296.75408935546875,302.1594314563154,296.5043047694293,297.05381866220307,44879900
2026-06-22,GOOGL,349.45538330078125,358.68946892539066,341.50050477393233,357.72009076397745,52814800
2026-06-22,MSFT,366.6497802734375,380.9129385065033,366.3802985575179,375.0339909424311,45171100
2026-06-23,AAPL,294.04638671875,301.3800886038737,293.9264950024863,297.2836155142734,52010900
2026-06-23,GOOGL,345.9076538085937,349.0656275102868,339.98147051143604,340.47114598010614,34007700
2026-06-23,MSFT,373.23736572265625,376.5112013539488,369.9735210485466,371.6802994138851,40647600
2026-06-24,AAPL,292.8274230957031,299.4417438827621,292.68755959702736,295.1054570720635,53081900
2026-06-24,GOOGL,345.0682067871094,353.25294826847323,341.7103492701006,348.8157979233392,44997300
2026-06-24,MSFT,364.7733154296875,378.1681135077346,364.0946004167936,370.87185096853153,44509900
2026-06-25,AAPL,274.91290283203125,288.55113481081804,273.5141152813601,287.1523472601469,107013700
2026-06-25,GOOGL,343.4891967773437,345.34801779729577,335.6242572392167,336.51370015420923,44491400
2026-06-25,MSFT,352.1670227050781,363.5456265920902,348.54386902384044,362.0883479855026,66179000
2026-06-26,AAPL,283.53546142578125,285.70360492137456,273.9737007161028,274.7630284991681,261775500
2026-06-26,GOOGL,337.1732788085937,346.1374872957393,329.98789515004995,342.3299372399904,114706300
2026-06-26,MSFT,372.2691955566406,375.9023402058053,354.762144454129,356.4789138154501,186201600
2026-06-29,AAPL,281.4972229003906,288.12151489662153,279.6088673150861,286.4829438934296,66427000
2026-06-29,GOOGL,353.4228210449219,354.122383587675,340.4511784786947,341.6104064955248,34213900
2026-06-29,MSFT,367.8774719238281,379.7850483907747,359.2237492715265,376.790685328561,51229900
2026-06-30,AAPL,289.11065673828125,289.69017405322865,280.45814550695326,280.9277417485351,65100200
2026-06-30,GOOGL,357.14044189453125,358.3896389689017,350.1749177879227,353.64269008629407,35237200
2026-06-30,MSFT,372.319091796875,373.44697342275583,366.7595808670141,370.3328407149792,44945700
2026-07-01,AAPL,294.1263427734375,296.33442991747245,288.95081360688545,293.1871503157195,50164200
2026-07-01,GOOGL,360.97796630859375,362.7368455226467,356.20103798676814,358.1397942573561,26736400
2026-07-01,MSFT,383.5579528808594,388.0993914388061,374.18561213385976,380.1144231011508,48065800
2026-07-02,AAPL,308.3640441894531,309.15337194761725,293.4269150966668,293.866538367699,75352800
2026-07-02,GOOGL,359.6788024902344,363.97602803095486,353.19298133516355,359.2490860357571,25974800
2026-07-02,MSFT,389.7562561035156,391.4630649298244,382.9790365046874,383.7575696594082,42128900
2026-07-06,AAPL,312.3905944824219,313.9292760509671,306.7354678654279,307.0951430290638,53590000
2026-07-06,GOOGL,366.2245788574219,367.693635754559,357.15042523629825,361.3177293642356,26915800
2026-07-06,MSFT,386.0133056640625,388.418780928489,380.5036887115837,386.31276024010407,34224500
2026-07-07,AAPL,310.3923034667969,315.2081573213481,309.88273318392555,315.0183186077797,42490000
2026-07-07,GOOGL,366.7942199707031,372.9202869594668,365.26520405735874,368.8329180211536,24045600
2026-07-07,MSFT,388.109375,394.8267404517197,387.4905448392632,391.75251064257776,29297500
2026-07-08,AAPL,313.1199645996094,314.5487250421545,306.7854009831778,311.6412289475945,41323500
2026-07-08,GOOGL,361.6875305175781,367.6037106679975,357.79001132287857,364.525702555654,22094800
2026-07-08,MSFT,382.6197204589844,384.58602015004215,380.6134873969759,383.3084264217563,25908300
2026-07-09,AAPL,315.947509765625,316.2572401947346,307.8944576262147,310.24243869469103,48124500
2026-07-09,GOOGL,358.65948486328125,359.41897594546776,350.8544734886641,354.0824097063769,24729100
2026-07-09,MSFT,383.6377868652344,383.927250494608,372.6484949692805,373.7464342011832,31083200
2026-07-10,AAPL,315.0483093261719,316.6369356310425,311.9010296470402,314.4488202226986,34132300
2026-07-10,GOOGL,356.9505615234375,357.5901650645865,352.52341441108456,357.30034280387986,18146100
2026-07-10,MSFT,384.37640380859375,391.1736053926777,380.783162110783,387.07131223677504,24644600
2026-07-13,AAPL,317.0365600585937,323.171283634363,315.5078797345754,316.7468014245228,43257800
2026-07-13,GOOGL,352.2835693359375,357.8999543595846,351.5240477747128,355.9611981097028,15901700
2026-07-13,MSFT,390.2553405761719,392.9103462310944,383.4281962321871,387.02143811329415,28914900
2026-07-14,AAPL,314.58868408203125,315.91755515351207,311.64124426456783,313.48965629761443,36336800
2026-07-14,GOOGL,359.2790832519531,359.92865963343,350.86447830880365,350.9744235107016,18259400
2026-07-14,MSFT,384.2067260742188,387.4606104242381,377.93852713765,382.1007052927433,27863900
2026-07-15,AAPL,327.2178039550781,328.44675508114506,317.0465830462295,317.34631234952286,60957600
2026-07-15,GOOGL,370.6817626953125,373.4099896327818,357.5302120160503,357.74006858863044,28284600
2026-07-15,MSFT,394.8866271972656,398.2103568181361,385.6739591427675,387.0713224899768,36253700
2026-07-16,AAPL,332.97283935546875,334.3915986652446,326.50841333986017,327.72736328456057,62970600
2026-07-16,GOOGL,354.2322998046875,375.02892981037553,352.07368364698067,372.8203579699616,41158500
2026-07-16,MSFT,400.3463439941406,405.2271399033625,391.31333055964967,397.56157784187184,37047400
2026-07-17,AAPL,333.452392578125,334.7013154010385,328.7164869908464,331.693929977533,63407100
2026-07-17,GOOGL,346.5472412109375,348.2961170979314,341.1407126662452,345.77774679993126,29959300
2026-07-17,MSFT,393.08001708984375,397.6414373419786,388.6583483977542,394.1180409920291,33049800
2026-07-20,AAPL,326.3085632324219,333.4224228207836,323.4010672140761,333.2226134619852,53468000
2026-07-20,GOOGL,351.7638854980469,359.4489481797366,350.2948285491913,350.6546131580819,24736600
2026-07-20,MSFT,401.53411865234375,402.4224305318551,388.9178541819168,390.6745569462133,27915800
2026-07-21,AAPL,327.45758056640625,329.3159936819017,321.94234806189104,322.85156758462244,41338900
2026-07-21,GOOGL,346.927001953125,351.09433677099497,346.77710440528256,351.09433677099497,23369800
2026-07-21,MSFT,397.0026245117188,400.7156358198418,395.5753188038176,398.0606303262699,24126600
2026-07-22,AAPL,325.60919189453125,328.7164973399543,323.0613709608057,327.58746619388995,38755900
2026-07-22,GOOGL,341.8702392578125,349.7152025525983,341.51048515922605,347.93634723653764,39334100
2026-07-22,MSFT,389.6065673828125,400.246541441447,386.2329133568751,398.8291961465565,28142500
2026-07-23,AAPL,321.3828430175781,323.0214140443725,319.0748358849152,321.4527900194849,40840800
2026-07-23,GOOGL,317.4859313964844,324.2815511558238,314.69771503877246,320.92372412122546,69419700
2026-07-23,MSFT,380.8630065917969,391.0438532115061,376.6809075284274,389.23725659651495,30351800
2026-07-24,AAPL,332.7330322265625,334.0818750563203,321.3428614810286,321.5127284115298,47489400
2026-07-24,GOOGL,319.5346069335937,323.97175736278774,317.11617848672984,318.2154780071113,31806600
2026-07-24,MSFT,380.9828186035156,388.299032528898,379.9347732203772,386.3227418757343,27659400
2026-07-27,AAPL,336.61968994140625,339.277401491225,333.73216560461384,334.2517370375488,49604300
2026-07-27,GOOGL,326.3502197265625,330.2077559724587,324.2415898017393,324.83120713377,28471600
2026-07-27,MSFT,388.368896484375,393.4593197982184,387.2609663085435,389.3470355932277,27856200
2026-07-28,AAPL,339.78692626953125,342.59453283396704,335.31080637618777,339.73698155301014,51859000
2026-07-28,GOOGL,333.4956359863281,335.66425552638333,324.2316014627561,327.68937042492354,29511900
2026-07-28,MSFT,392.6109008789063,399.567805457337,390.5647345556998,392.4212554523594,32367500
2026-07-29,AAPL,337.8985900878906,344.2730974331505,337.0593175600121,339.43727163464206,56090800
2026-07-29,GOOGL,336.49371337890625,342.2800028423013,331.40698648547414,334.455045685483,27501600
2026-07-29,MSFT,389.8061828613281,400.4960502148319,388.00954678983055,392.6607942930367,47209000
2026-07-30,AAPL,333.1426696777344,334.4615395264105,329.30598233808786,332.8129674612056,74817800
2026-07-30,GOOGL,333.4456787109375,336.29385412629074,330.12780397797883,333.98534038388266,30168000
2026-07-30,MSFT,450.2524108886719,457.8281459885008,431.6274684759506,437.07720086969465,110160700
2026-07-31,AAPL,308.6438293457031,310.4222943774597,299.7415030462749,304.5473560391476,132489100
2026-07-31,GOOGL,355.9012451171875,358.3496530632621,339.78160132747564,340.611054758666,46498000
2026-07-31,MSFT,463.8468017578125,465.962813447145,448.4857046349594,449.1544591210436,60846000
2026-08-03,AAPL,303.1585693359375,311.5313230344714,302.29929450581176,309.313234694189,75052000
2026-08-03,GOOGL,373.2700805664063,376.4480305309448,363.1166033198653,365.2152604560987,38669700
2026-08-03,MSFT,486.7337036132813,490.7261876465455,474.1074789501303,475.2353605631651,66762100
2026-08-04,AAPL,309.1134033203125,310.1525156602479,301.0603512911937,302.46913991298527,68001000
2026-08-04,GOOGL,377.4074096679688,380.2755612380555,367.263935640354,367.9834743668337,35705700
2026-08-04,MSFT,491.884033203125,498.5015806515744,478.2696778930625,479.99640781848416,50455500
2026-08-05,AAPL,310.7320251464844,311.4414048335362,305.406631186344,309.09342362565195,49438800
2026-08-05,GOOGL,362.1971740722656,384.2330278418686,356.54080629618977,383.0937455186354,46926300
2026-08-05,MSFT,486.5440673828125,497.3038108374591,484.7674131728324,495.4273384327132,33388900
2026-08-06,AAPL,312.14080810546875,316.0174696892129,308.96355554648414,314.06913775687,46139900
2026-08-06,GOOGL,357.52020263671875,363.8961093831237,356.65076635274994,360.5382517887205,25235900
2026-08-06,MSFT,498.9207458496094,500.61756372489685,487.60205742358346,487.6319998350186,36441500
2026-08-07,AAPL,313.0599975585937,314.53873325457766,310.47223295908327,311.1816431226555,34437200
2026-08-07,GOOGL,354.0723876953125,358.6694387836589,353.5527327193329,356.49084652154687,19859900
2026-08-07,MSFT,499.0505065917969,504.23075699317457,497.7928948509335,498.2719734340298,28846200
2026-08-10,AAPL,308.260009765625,308.260009765625,304.6099853515625,306.8299865722656,44812500
2026-08-10,GOOGL,357.29034423828125,357.38028276908574,352.4834362714388,354.951850943437,18991400
2026-08-10,MSFT,505.109130859375,512.7647021753171,501.326243590453,502.4940586092805,31206100
2026-08-11,AAPL,304.9100036621094,309.9700012207031,302.7900085449219,307.75,37476700
2026-08-11,GOOGL,343.5791320800781,356.5807842683805,343.1694223006263,355.6613923515014,29081800
2026-08-11,MSFT,502.86334228515625,504.3804752506704,498.61133704649393,503.3823542433026,23049800
2026-08-12,AAPL,302.25,305.6600036621094,300.57000732421875,305.1000061035156,41657800
2026-08-12,GOOGL,343.3193359375,346.25744987105145,340.661040926288,346.0875456512855,25012000
2026-08-12,MSFT,491.5047302246094,500.557695253814,490.596436434424,499.0505227551261,29001500
2026-08-13,AAPL,305.260009765625,306.0,302.04998779296875,304.2099914550781,40349300
2026-08-13,GOOGL,346.13751220703125,347.7065110877775,343.5392066313974,345.5478948342235,17866100
2026-08-13,MSFT,495.9463806152344,500.3979918654044,492.0836571155829,492.3431478695615,23039000
2026-08-14,AAPL,305.92999267578125,307.489990234375,304.29998779296875,306.0,28229400
2026-08-14,GOOGL,345.67779541015625,350.22489088982945,344.27870083870846,346.5772111705174,17808600
2026-08-14,MSFT,494.4691467285156,499.07050046550256,492.991947114923,495.42733437790497,16217600
2026-08-17,AAPL,305.5899963378906,307.6600036621094,302.94000244140625,306.2099914550781,38169300
2026-08-17,GOOGL,343.7790222167969,347.0269344906474,341.7103446182459,346.04755304110785,18291300
2026-08-17,MSFT,479.4474487304688,491.73431632358415,477.5110914717105,489.2190622628328,29635800
2026-08-18,AAPL,310.0299987792969,311.489990234375,305.739990234375,307.5799865722656,53424500
2026-08-18,GOOGL,343.9789123535156,344.6484648943574,339.97147845233087,342.19005363605754,19248800
2026-08-18,MSFT,480.72503662109375,483.36006030134655,476.2534434403709,480.6352093836093,24087600
2026-08-19,AAPL,316.8299865722656,319.2799987792969,309.6000061035156,310.1400146484375,50505600
2026-08-19,GOOGL,344.4985656738281,346.5072842825429,340.44117610948047,342.2400076559886,19733800
2026-08-19,MSFT,483.3999938964844,488.3806080919379,478.4592826108848,479.1679704739861,19961900
2026-08-20,AAPL,311.29998779296875,320.2799987792969,310.6499938964844,317.4599914550781,40959200
2026-08-20,GOOGL,340.451171875,343.6790774504127,338.3525147854226,342.83962071417653,18570400
2026-08-20,MSFT,481.1499938964844,484.1600036621094,479.5,483.2999877929688,20020800
2026-08-21,AAPL,309.3500061035156,312.3800048828125,307.010009765625,312.04998779296875,46876800
2026-08-21,GOOGL,344.5985107421875,345.97762917305914,340.1813365286692,342.359928876986,20849800
2026-08-21,MSFT,483.239990234375,486.3599853515625,478.5299987792969,479.8800048828125,22510800
2026-08-24,AAPL,310.3399963378906,313.3599853515625,309.9700012207031,311.4700012207031,34673600
2026-08-24,GOOGL,347.83642578125,351.3741604480826,342.2699962782288,343.39927531721605,26338200
2026-08-24,MSFT,487.30999755859375,490.6099853515625,481.8599853515625,483.2099914550781,17230800
2026-08-25,AAPL,309.8999938964844,313.5899963378906,308.2099914550781,310.7900085449219,25869800
2026-08-25,GOOGL,346.73712158203125,349.9350782600912,345.37800981753963,349.41542326154587,20649700
2026-08-25,MSFT,491.7099914550781,492.4400024414063,484.2999877929688,485.4400024414063,19519000
2026-08-26,AAPL,313.45001220703125,315.42999267578125,308.79998779296875,310.29998779296875,34024500
2026-08-26,GOOGL,341.7803039550781,346.65717399060424,339.96146577825954,346.3973312516375,20420300
2026-08-26,MSFT,496.3699951171875,497.3999938964844,487.30999755859375,487.8500061035156,20758900
2026-08-27,AAPL,314.5799865722656,315.3999938964844,309.3999938964844,310.54998779296875,32419200
2026-08-27,GOOGL,340.4311828613281,341.4705233735174,338.3025461528343,339.4518318672432,23391400
2026-08-27,MSFT,505.05999755859375,506.4800109863281,490.0799865722656,494.8800048828125,28688800
2026-08-28,AAPL,319.70001220703125,322.3699951171875,315.45001220703125,316.8500061035156,38649400
2026-08-28,GOOGL,346.36737060546875,348.91575095848634,340.0514228221321,340.49114263603377,25347200
2026-08-28,MSFT,513.530029296875,517.780029296875,504.8699951171875,505.3299865722656,29207300
2026-08-31,AAPL,316.8500061035156,321.239990234375,312.79998779296875,319.6000061035156,41242700
2026-08-31,GOOGL,339.13201904296875,344.3686432833908,336.94342338566804,343.60912172254496,33493600
2026-08-31,MSFT,507.2900085449219,512.1900024414062,506.3900146484375,510.3800048828125,27208900
2026-09-01,AAPL,325.1300048828125,327.29998779296875,314.7300109863281,316.9800109863281,53167400
2026-09-01,GOOGL,334.8047790527344,336.9834018439635,332.8360433203593,335.7841605001305,23342700
2026-09-01,MSFT,501.0199890136719,505.9700012207031,496.7799987792969,497.5199890136719,21046900
2026-09-02,AAPL,324.9599914550781,328.3999938964844,323.5299987792969,326.8699951171875,33776400
2026-09-02,GOOGL,336.9034423828125,339.78159726283246,332.6062167342666,333.84541044728496,22582300
2026-09-02,MSFT,496.8200073242188,500.2699890136719,493.80999755859375,499.8500061035156,15336100
2026-09-03,AAPL,328.2099914550781,330.8099975585937,324.1099853515625,324.8699951171875,37225800
2026-09-03,GOOGL,342.260009765625,344.4585782378343,339.841550898423,340.34122971001256,20726900
2026-09-03,MSFT,510.1199951171875,515.6500244140625,500.7999877929688,501.6600036621094,24125900
2026-09-04,AAPL,319.9700012207031,328.92999267578125,317.8599853515625,328.3099975585937,39606900
2026-09-04,GOOGL,338.4599914550781,343.5299987792969,337.0899963378906,342.4700012207031,23189300
2026-09-04,MSFT,499.7000122070313,511.0,499.3599853515625,510.0,18101800
2026-09-08,AAPL,316.2200012207031,320.70001220703125,314.8999938964844,317.1000061035156,35477100
2026-09-08,GOOGL,338.3599853515625,339.67999267578125,333.2200012207031,335.4200134277344,22915800
2026-09-08,MSFT,493.9500122070313,495.1900024414063,490.1499938964844,493.010009765625,18882300
2026-09-09,AAPL,315.3399963378906,319.1499938964844,309.8999938964844,315.489990234375,65640000
2026-09-09,GOOGL,330.6499938964844,331.8500061035156,327.8999938964844,331.6499938964844,33151600
2026-09-09,MSFT,491.6499938964844,494.3900146484375,489.7999877929688,493.0700073242188,12889600
2026-09-10,AAPL,326.57000732421875,326.739990234375,316.510009765625,316.6700134277344,70011900
2026-09-10,GOOGL,332.6000061035156,333.2300109863281,327.739990234375,328.2300109863281,23557600
2026-09-10,MSFT,492.4400024414063,494.5199890136719,486.0,488.3200073242188,16038800
2026-09-11,AAPL,332.2699890136719,336.2200012207031,326.29998779296875,327.45001220703125,50716900
2026-09-11,GOOGL,338.5,342.9800109863281,335.0299987792969,335.0299987792969,24708300
2026-09-11,MSFT,495.6300048828125,498.9700012207031,492.5799865722656,495.6499938964844,14510500
2026-09-14,AAPL,333.0799865722656,335.5,331.3399963378906,334.7900085449219,39269100
2026-09-14,GOOGL,349.3900146484375,349.9100036621094,342.1400146484375,343.1199951171875,35905400
2026-09-14,MSFT,505.4100036621094,509.9500122070313,495.3399963378906,497.05999755859375,23091900
2026-09-15,AAPL,331.3399963378906,331.7799987792969,328.3500061035156,330.1400146484375,31748200
2026-09-15,GOOGL,344.9800109863281,348.07000732421875,342.70001220703125,346.79998779296875,21928600
2026-09-15,MSFT,497.1199951171875,505.8999938964844,495.5400085449219,500.05999755859375,17794600
2026-09-16,AAPL,332.4100036621094,335.4800109863281,330.70001220703125,332.5299987792969,35981000
2026-09-16,GOOGL,342.8699951171875,348.3999938964844,340.6400146484375,347.0799865722656,18928900
2026-09-16,MSFT,490.2999877929688,495.9700012207031,487.2300109863281,493.0299987792969,16670300
2026-09-17,AAPL,337.0,338.3399963378906,330.17999267578125,334.7699890136719,36700200
2026-09-17,GOOGL,347.3299865722656,349.5,343.8900146484375,348.67999267578125,19238400
2026-09-17,MSFT,497.75,501.4700012207031,493.1700134277344,497.7999877929688,17841600
2026-09-18,AAPL,336.1300048828125,338.489990234375,332.5299987792969,337.9100036621094,86588200
2026-09-18,GOOGL,349.5400085449219,359.44000244140625,348.45001220703125,357.3099975585937,47631800
2026-09-18,MSFT,493.7799987792969,498.6499938964844,491.1000061035156,497.9700012207031,39622300
2026-09-21,AAPL,338.9800109863281,339.6400146484375,333.04998779296875,335.2799987792969,34999200
2026-09-21,GOOGL,354.9700012207031,357.6099853515625,349.1000061035156,350.6400146484375,30455400
2026-09-21,MSFT,501.6099853515625,501.8699951171875,491.3299865722656,494.9500122070313,27959900
2026-09-22,AAPL,339.75,345.3399963378906,338.75,340.1400146484375,40711800
2026-09-22,GOOGL,351.1600036621094,364.1700134277344,350.2200012207031,357.6499938964844,29788600
2026-09-22,MSFT,498.0,508.5,493.6499938964844,507.3200073242188,21652800
2026-09-23,AAPL,337.0199890136719,341.79998779296875,335.5,341.0799865722656,31658800
2026-09-23,GOOGL,337.8299865722656,350.0,337.45001220703125,349.8599853515625,35576200
2026-09-23,MSFT,500.5899963378906,509.4400024414063,495.8800048828125,500.760009765625,19445600
2026-09-24,AAPL,335.9200134277344,338.9100036621094,334.29998779296875,336.7200012207031,24733100
2026-09-24,GOOGL,342.3599853515625,343.0899963378906,336.0199890136719,336.2200012207031,23777200
2026-09-24,MSFT,497.9299926757813,498.8999938964844,491.2200012207031,495.0700073242188,16657600
2026-09-25,AAPL,341.07000732421875,341.6700134277344,334.5299987792969,336.0400085449219,30002500
2026-09-25,GOOGL,343.9200134277344,347.0299987792969,341.1099853515625,342.3500061035156,21880800
2026-09-25,MSFT,516.1699829101562,519.4000244140625,497.25,499.0400085449219,38193100
2026-09-28,AAPL,338.3999938964844,342.989990234375,338.0400085449219,340.3699951171875,32820800
2026-09-28,GOOGL,342.75,343.5899963378906,339.5599975585937,340.70001220703125,19318300
2026-09-28,MSFT,509.2200012207031,513.3300170898438,502.2200012207031,505.4700012207031,19626900
2026-09-29,AAPL,329.3999938964844,337.0899963378906,328.70001220703125,336.9700012207031,38478000
2026-09-29,GOOGL,340.9200134277344,342.8399963378906,338.0199890136719,341.95001220703125,21066900
2026-09-29,MSFT,508.9599914550781,513.6400146484375,502.3999938964844,508.30999755859375,21341800
2026-09-30,AAPL,333.0199890136719,339.5,330.1400146484375,330.79998779296875,49988600
2026-09-30,GOOGL,344.0799865722656,352.6000061035156,340.989990234375,344.1499938964844,37373700
2026-09-30,MSFT,512.9000244140625,519.8300170898438,510.30999755859375,511.6099853515625,27223300
2026-10-01,AAPL,330.32000732421875,332.4800109863281,325.8099975585937,330.0,36306300
2026-10-01,GOOGL,338.239990234375,353.2200012207031,335.510009765625,350.7900085449219,33269300
2026-10-01,MSFT,512.7999877929688,522.8499755859375,512.1699829101562,519.8800048828125,19731900
2026-10-02,AAPL,333.69000244140625,334.5400085449219,330.6099853515625,333.260009765625,33245500
2026-10-02,GOOGL,343.5,345.7699890136719,341.1600036621094,341.32000732421875,23738200
2026-10-02,MSFT,517.530029296875,522.5,513.6599731445312,519.3900146484375,17803300
