Price,Close,Close,Close,High,High,High,Low,Low,Low,Open,Open,Open,Volume,Volume,Volume
Ticker,AAPL,GOOGL,MSFT,AAPL,GOOGL,MSFT,AAPL,GOOGL,MSFT,AAPL,GOOGL,MSFT,AAPL,GOOGL,MSFT
Date,,,,,,,,,,,,,,,
2025-01-02,242.09312438964844,188.3246612548828,412.89532470703125,247.30529937932678,190.87967248578354,420.2836247921959,240.07775127221439,186.405930161898,409.21600045312425,247.13651085819407,189.5375437207165,419.7509500092328,55740700,20370800,16896500
2025-01-03,241.60665893554688,190.67088317871094,417.6005554199219,242.42074318433572,192.08261071335764,418.2713132207811,240.14724866814672,188.87144710211905,413.8423008464514,241.60665893554688,190.2533357330172,415.36136467137544,40244100,18596200,16662900
2025-01-06,243.23483276367188,195.7212371826172,422.03948974609375,245.54804748087855,197.06336585299624,428.42162361284306,241.4477983095151,192.71887013485082,419.7016808979234,242.54980162717402,192.8481012552134,422.1874466156374,45045600,29563600,20573600
2025-01-07,240.4649658203125,194.34930419921875,416.6338806152344,243.78089861816605,199.82714740579908,424.801430542522,239.61116122247878,193.46449803391354,415.0851952170159,241.22940732447114,195.9598465030939,423.1738448521772,40856000,26487200,18139100
2025-01-08,240.95143127441406,192.8182830810547,418.79412841796875,241.9541642850798,195.14462535167834,421.171402275518,238.3205296252371,191.2574520458894,415.81515330470927,240.17705210413348,191.44634580773328,417.70906128958796,37628900,24864800,15054600
2025-01-10,235.14358520507812,190.91941833496094,413.2603454589844,238.42973539672147,195.37328795351274,418.9420997125399,231.3213170399406,189.19951732698908,409.383695034764,238.28080700459313,193.16624068951896,418.8631994200863,61710900,26665200,20201100
2025-01-13,232.7112274169922,189.8954315185547,411.52423095703125,232.97928640713008,190.06443773067767,412.8164377086338,228.06495238182922,186.26673571233505,406.690782868284,231.84750029737077,188.96092925794855,409.6007014640922,49630700,21823700,17604800
2025-01-14,231.59925842285156,188.55331420898438,410.0248718261719,234.41879309886707,190.8597688353095,414.03957499111027,230.7950967507139,187.21118555715896,405.14208486737954,233.05866854963926,190.12409653498483,412.1357932076061,39435300,17174900,16935900
2025-01-15,236.1562042236328,194.408935546875,420.5203552246094,237.2383625727966,195.2142066320414,422.3353628905166,232.74098609709984,190.74046489689354,412.58953664498,232.94947976770305,191.96328339030356,413.43787278736687,39832000,21776000,19637800
2025-01-16,226.61544799804688,191.78436279296875,418.8138732910156,236.29520209930612,194.33935880818177,423.6571954367501,226.3871093224655,191.6849402307685,418.62648132777844,235.6399687194268,193.00718142531574,422.87794590094956,71759100,17815400,15300000
2025-01-17,228.3230438232422,194.85630798339844,423.2034606933594,230.61639839146835,196.0791264849475,428.57945778773313,226.83385097126646,192.61943710093595,422.35515456567043,230.44762501944012,195.3832141332428,428.1947398206691,68488300,27735100,26197500
2025-01-21,221.0359344482422,196.8943634033203,422.6806335449219,222.8031087860845,201.10961291187695,425.0480336398343,217.79942737812888,196.71540583129996,419.82002384260585,222.38613659782595,197.90841585876197,424.3575582513444,98070400,29971300,26085700
2025-01-22,222.21737670898438,197.21249389648438,440.1402587890625,222.5052806842356,199.31018252245178,441.1957044539868,218.2064751614249,196.3773989893062,430.0787709144918,218.2064751614249,197.89847013086398,431.6175824572203,64126500,26200600,27803800
2025-01-23,222.04859924316406,196.8247833251953,440.643310546875,225.394314538592,199.1312534169042,440.68277574358376,220.69839703644928,194.06100582652098,435.50407496539947,223.1208199792776,196.9838533666416,435.9972845633218,60234800,26951400,18389300
2025-01-24,221.17494201660156,199.0417938232422,438.029296875,224.00441476166836,199.72775497372277,440.5841189283991,219.8148172645265,196.84468236058586,435.40541825453283,223.16053267311034,196.94410493473057,439.1143639891968,54697900,23877500,15549500
2025-01-27,228.2039337158203,190.69076538085938,428.6583251953125,230.47742834163907,195.73118866143682,429.28964793288844,222.36629236472388,189.61706547784135,417.74853125025015,222.40601266103107,191.28727038356462,418.2516146753107,94863400,41728900,35647800
2025-01-28,236.5434112548828,194.16041564941406,441.12664794921875,238.45951413038736,194.33935805697908,442.2906153004339,229.1470890329199,189.56736331512153,425.5214900534852,229.1868093297106,191.6252920206379,428.6977608632086,75707600,24157900,23491700
2025-01-29,237.63548278808594,194.26976013183594,436.3227844238281,238.13188043636077,195.64169733166847,440.81100977301065,232.32402189200354,192.30130277467072,434.41900262341227,232.43322998057818,194.41887879385513,440.6235877197962,45486100,18218300,23581400
2025-01-30,235.8782196044922,199.69789123535156,409.3540954589844,239.05516137192973,200.2247973993167,417.1172097708342,235.50096771104396,196.51656670676422,407.54896156269734,236.95044029141235,196.84464293202117,413.0827588425547,55658300,24354700,54586300
2025-01-31,234.29966735839844,202.82952880859375,409.4231872558594,245.40904807772534,204.28100107943342,414.97673266362114,231.7581140684966,200.62248149891727,409.2752303832896,245.40904807772534,200.82131144659704,413.28996411007114,100959800,32001100,34161900
2025-02-03,226.36724853515625,200.05581665039062,405.3393859863281,230.15973381299622,202.56111667222356,409.7683985075356,224.0738938399255,198.93242052734664,403.1100689884043,228.33299411580026,199.51897423058907,406.01014380943144,73063300,27838300,25679100
2025-02-04,231.1227569580078,205.17576599121094,406.7696838378906,231.45038123633566,205.84185468330165,408.29865167160733,225.01705656002386,201.62658985975028,404.1753965052981,225.61273982041166,202.20320734762427,407.0853452090854,45067300,43856400,20532100
2025-02-05,230.79513549804688,190.2135772705078,407.6772155761719,230.9936915376493,191.62528964623422,408.2098602907994,226.62539807097704,186.93282997802248,404.8264495269334,226.8835194075747,189.9550998506434,406.74997908357795,39620300,70373900,16316700
2025-02-06,231.5397186279297,190.48199462890625,410.1728210449219,232.11554171369926,190.97907706252056,412.5205034548323,228.7698112868805,187.61879495696715,408.37753095462284,229.62361584180033,188.39424233982533,408.37753095462284,29925300,29297400,16309800
2025-02-07,225.98997497558594,184.25851440429688,404.1852722167969,232.3140755170278,190.06443363710238,412.96439718513943,225.6226304523949,182.17077726737304,402.5576865372201,230.92416830424466,189.9352025187049,410.82388435232116,39707200,49315000,22886800
2025-02-10,226.2583465576172,185.38194274902344,406.6217041015625,229.18037646801733,187.10184389569162,409.8176925215145,225.8111004860379,184.77550151190874,405.33937124502273,228.16662274990708,186.25681277496034,408.0914590052598,33115600,23105600,20817900
2025-02-11,231.1979522705078,184.23866271972656,405.852294921875,233.79199753404617,185.84920514475974,406.88802298158646,226.7354100570617,183.2047226379184,403.74134350470337,226.80497424991785,183.95034637836022,404.0767525043344,53718400,21239500,18140600
2025-02-12,235.42198181152344,182.5386199951172,403.4848937988281,235.5114431570428,184.02986736226762,405.17166210079324,229.2698195612854,180.76900766634557,398.87830316572246,229.7866449882993,182.1508962864482,401.6797299133385,45243300,22072600,19121700
2025-02-13,240.053466796875,185.05386352539062,404.9645690917969,240.85851264219508,185.19304601185559,405.4183135199023,234.12991022790982,182.07136866992408,400.84131373042015,235.46171484030373,183.24449120134597,401.472636502677,53614100,21402500,23891700
2025-02-14,243.104736328125,184.149169921875,402.8831787109375,244.0489258287467,185.31234109604222,403.3566707547541,239.5168040933544,183.2444913440249,400.3678218416371,239.77520922194773,183.98016370030402,402.25188608897315,40896200,20448400,22758500
2025-02-18,242.9755096435547,182.69769287109375,404.0768127441406,243.6811607859394,184.87491648825042,405.02376683445937,240.36158248040348,180.679539282988,400.9794417214404,242.6574585849239,184.51701650776232,402.45907065768193,48822500,29916700,21423100
2025-02-19,243.3730926513672,184.18893432617188,409.1371154785156,244.50612316801596,184.3778280833638,409.84733856693146,241.6735544591497,182.51872941446393,402.1138149948078,243.16438488450393,182.99593948623902,402.34070226719325,32204200,19549400,24114200
2025-02-20,244.32720947265625,183.4830780029297,411.3016662597656,245.2713989598738,184.22870170428735,414.4447616167347,242.7966152101895,181.65381816300632,407.75332449561745,243.44265077076676,183.72168304847523,410.47141636340496,32316900,20441500,23508700
2025-02-21,244.0489044189453,178.61166381835938,403.47357177734375,247.1697083342209,184.25851298688883,413.1993956224997,243.72091995824803,178.03504637457257,403.15730762956775,244.44645306890683,184.0696192348162,412.4976421272199,53197400,35199200,27524800
2025-02-24,245.58944702148438,178.20407104492188,399.3124084472656,247.33868242018207,182.0514846282233,404.62009578289485,242.92582237394555,177.84617104858543,394.6867174896375,243.43269920852308,180.9280885264688,403.7700887978409,51326400,29854200,26443700
2025-02-25,245.52978515625,174.39639282226562,393.283203125,248.4716967182176,177.69702734245087,397.25657880262406,243.41281661275679,173.6706567432134,392.09714469383994,246.48392314447185,177.00109982499515,396.44608593506547,48013300,41913400,29387400
2025-02-26,238.89064025878906,171.72210693359375,395.09197998046875,243.48239258336395,175.05256557173047,398.9170718958632,237.66816369812489,170.57882331320525,389.6755530638089,242.83637220684057,174.0484644370393,393.3919357776839,44433600,35431300,19619000
2025-02-27,235.84934997558594,167.5167999267578,387.97552490234375,240.9778097055873,173.54143730705212,401.03224256641477,235.61081167459415,166.96006996247044,387.6197164134029,237.94645181292123,172.97477115402882,396.61410618114576,41153600,39991000,21127400
2025-02-28,240.36158752441406,169.28640747070312,392.38372802734375,240.61005923211764,169.61448372650818,393.01631660620876,228.7927454203557,165.7968939367366,382.0846478468725,235.5014815283524,167.69573747342162,388.10398215130573,56833400,48130600,32845700
2025-03-03,236.5749053955078,166.03546142578125,383.9823913574219,242.53822699216576,172.35835029914594,394.1925506012372,234.6666443044386,164.96176159787956,381.6794393165997,240.3119148031628,170.92675052861034,394.1925506012372,47184000,40770500,23007700
2025-03-04,234.48768615722656,169.92266845703125,384.1009521484375,238.6023917296681,172.27883449293637,388.02488953137174,233.24532775941432,164.8325488565178,376.5792652913011,236.25681846797832,165.2699838540156,378.9514121108331,53798100,45388000,29342900
2025-03-05,234.2988739013672,172.01040649414062,396.3669738769531,235.1039197629907,172.76596631858905,397.0094560898268,227.82866128733946,168.07350701574754,384.2986543499986,233.98082285378285,169.52499437059117,384.822503579622,47227600,30954900,23433100
2025-03-06,233.89137268066406,171.3443145751953,392.2849426269531,236.4059049662456,173.78995156274516,397.4838909032578,231.73464023473684,169.50510357118512,388.12376908504734,233.0068140722837,169.5349273025149,389.70521049036057,45170400,28302000,23304600
2025-03-07,237.60853576660156,172.8455047607422,388.7464904785156,239.89446338205195,173.94902837231132,390.21919261692045,233.32487071745646,169.2764565211612,381.06665528777256,233.67273718007357,170.26067003299855,387.76798692760104,46273600,27385800,22034100
2025-03-10,226.08937072753906,165.09205627441406,375.7490539550781,234.71631625547707,167.66992058295483,381.91664235119805,222.84930513729455,162.922287876859,372.8431639999478,234.10009611136832,167.47084644350338,381.3631423753148,72071200,43604000,32840100
2025-03-11,219.48997497558594,163.27064514160156,376.0356750488281,224.45940937640347,165.96794191446463,381.5212666884101,216.12069905845206,160.61316927344419,372.5367409966354,222.44182022291236,164.1365751658598,374.6024872406928,76137400,39587400,30380200
2025-03-12,215.653564453125,166.32623291015625,378.8229675292969,220.39440897367027,166.85374592604674,380.75035405096787,213.5962265598192,162.76302175465403,374.55311473502826,218.7942505386503,165.79871989426576,378.5067033632867,62547500,28372400,24253600
2025-03-13,208.398193359375,161.9966278076172,374.3751525878906,215.51442704761877,165.3508323726828,380.8491715851453,207.14590135231947,161.34968247166375,373.07049136146827,214.62986833256545,165.261242942738,378.71423026442886,61368300,31756200,20473000
2025-03-14,212.18492126464844,164.71383666992188,384.0515441894531,212.6421007492463,165.70914654485404,385.7021804869834,208.29881981801313,161.68808614528302,375.10656321193693,209.95860913307365,162.50424753259463,375.3734195488383,60107600,31995900,19952800
2025-03-17,212.69178771972656,163.51943969726562,384.1899719238281,213.9043309003415,165.52002210698427,388.15342385678485,208.68642489319868,162.90235248367634,381.0962841175908,212.00600336087763,164.25597441368222,382.2131776873556,48073400,31184300,22474300
2025-03-18,211.38978576660156,159.9164276123047,379.070068359375,213.83473880015984,163.47963860497418,382.8754034622388,210.19712464056028,155.9849568446372,376.6781641211092,212.85080057479257,162.91230471538228,382.57889637930924,42432400,42074800,19486900
2025-03-19,213.92420959472656,163.12132263183594,383.3201599121094,217.4226803637017,165.09203178483114,385.158563988563,212.443312738742,160.24487791525596,379.54447585576617,212.91044076829724,161.0013078964,381.0567221702146,54385400,34275600,19185500
2025-03-20,212.79116821289062,162.0364532470703,382.3515319824219,216.16044383082547,164.11664727374668,387.24410971121733,210.9226561911479,160.20508669307458,378.8328407062668,212.6818400591608,160.81222633390425,381.2642891356356,48862900,28138500,18470500
2025-03-21,216.93568420410156,163.22088623046875,386.7202453613281,217.5021918152461,163.4697137211131,387.194656647968,209.9884097524224,160.1354192715889,378.3583844724842,210.26669685360034,160.45392574948156,378.77352451177876,94127800,36625800,39675900
2025-03-24,219.38064575195312,166.8935546875,388.51910400390625,220.1260609084734,167.53056759539257,390.81219242783766,217.24379503613238,164.36547425500177,385.2870564688155,219.64899945464327,166.2864302357092,390.81219242783766,44299500,30879100,21004500
2025-03-25,222.38218688964844,169.76007080078125,390.5749816894531,222.73005335992565,169.82974979049783,391.7610400507305,218.73462390108503,167.53058612545505,388.08423198363494,219.4204082670252,168.18747918173491,389.3493790004213,34493600,24174400,15775000
2025-03-26,220.17575073242188,164.2858428955078,385.4451904296875,223.64442126802376,168.81450579137277,390.7232269425197,219.12223310716143,164.0668735115514,384.061440622416,222.1436424317859,168.20736616989782,390.4168262767483,34466100,28901600,16108400
2025-03-27,222.48158264160156,161.4790802001953,386.0481262207031,223.61461307047793,164.6441583248392,387.6888690270636,219.21168633594712,161.24020036188836,382.9050306805178,220.03661426059983,163.85787020298363,385.60336562359333,37094800,24508300,13766800
2025-03-28,216.5679473876953,153.6061553955078,374.4048156738281,222.44182255065115,161.06103088339663,384.6149747790714,216.34929105853038,152.90944160860735,372.5565178920864,220.31490521146458,159.737267094675,383.5771397086297,39818600,48669300,21632000
2025-03-31,220.7720947265625,153.91470336914062,371.0343933105469,224.24075018814546,154.8104760939089,372.6948931611048,214.90815310911736,149.9533747075238,362.97893300010196,215.6833836525119,152.3918806247014,368.2174556076631,65299300,54603500,35184700
2025-04-01,221.8256072998047,156.3333282470703,377.7554626464844,222.31260214779184,157.35849619606978,378.4078083047587,217.5618242432653,152.89949705290155,368.8994337189865,218.46626491168394,152.89949705290155,370.302940607575,36412700,30672900,19689500
2025-04-02,222.5213165283203,156.303466796875,377.7060852050781,223.8133724100327,157.66705174636402,380.61194495123306,219.66886624627372,153.97444517473392,372.2501138660857,219.9670353213626,154.42233161172652,373.584455994143,35905900,25041700,16092600
2025-04-03,201.9478759765625,150.0131072998047,368.7808532714844,206.22159255986557,152.06344323592336,373.1001742376296,200.01973301812973,149.68465321481136,365.06450042697054,204.2835010267849,150.40127754802887,370.4413834397649,103419000,46883400,30198000
2025-04-04,187.22840881347656,144.91712951660156,355.6648254394531,198.65810753704542,150.36147595978116,370.24368334469244,186.19475800144227,144.69816012059908,355.3090169453245,192.70471987275084,147.31581486644404,359.9050576420754,125910900,62259500,49209900
2025-04-07,180.35069274902344,146.06173706054688,353.707763671875,192.96310261722135,152.13313390933345,366.6953157485582,173.5524959881376,139.87090787612016,340.7894367933375,176.11672557211514,140.88612829073566,346.8087713756296,160466300,76794100,50425000
2025-04-08,171.365966796875,144.02134704589844,350.4460754394531,189.17641711488596,151.5259925903324,369.3145725706382,168.175598539417,142.35918124819136,346.18608632628985,185.55866963100107,150.5107721866655,363.98712785508354,120859500,52200200,35868900
2025-04-09,197.63438415527344,157.96563720703125,385.95916748046875,199.383619356675,158.80169385849172,388.66739600040677,170.8391909937331,143.23504799502373,349.00301621371585,170.89882177160354,143.74265056471972,349.43791334353114,184395900,70406200,50199700
2025-04-10,189.2559356689453,152.10328674316406,376.92523193359375,193.5892830219747,156.9802998367147,379.44563241847453,181.88129692496375,149.22682616408144,363.5324334212975,187.9141974958541,155.8058260987939,377.6269854135807,121880000,48022000,38024400
2025-04-11,196.9386749267578,156.40298461914062,383.94287109375,198.32017705332044,156.93049760914,385.52428234575257,184.92258644836306,152.10325409102202,374.4937970946495,184.96235041538483,152.18286551192307,376.2234920445777,87435900,33636200,23839200
2025-04-14,201.28195190429688,158.32394409179688,383.3102722167969,211.63825017625834,160.96150910212248,390.0709046779098,199.93026529720834,156.8210165083235,379.75203666792555,210.14742002868311,159.24957495636372,388.6575040815548,101352900,30333000,19251200
2025-04-15,200.90428161621094,155.57688903808594,381.2544250488281,202.26590170954893,158.90122048049952,387.3429548173336,198.57859009217825,154.48205725338974,379.702634359307,200.6259945192588,158.38367026397722,384.0021677861047,51343900,27551500,17199900
2025-04-16,193.0823974609375,152.61087036132812,367.2982482910156,199.47308245703653,155.1588613016161,377.18221973337427,191.19400339685228,150.7993990348029,363.730149078798,197.1473909296092,152.381953334393,376.25315416820064,59732400,28187400,21967800
2025-04-17,195.7758331298828,150.45101928710938,363.5126953125,197.61452992177487,153.9544985286828,369.97682098932336,193.2314851467638,147.80349181571307,362.6330375516977,195.9944894564487,153.5663283495849,369.41342738591277,52164700,33046600,21120200
2025-04-21,191.97918701171875,146.97740173339844,354.9531555175781,192.6152739871965,148.25139710913984,360.25097956592975,188.64966000796989,145.41477318745027,351.54320368031085,192.08851517151226,148.18173331794077,358.6102367890087,46742500,26049100,20807300
2025-04-22,198.51895141601562,150.7595672607422,362.5638427734375,200.35763286451953,151.4761914872268,363.5028019496421,194.7719939992729,147.84330183044926,355.68457702509073,194.92107095045932,148.19166631370922,359.1637542302739,52976400,26971800,19485000
2025-04-23,203.34925842285156,154.6214141845703,370.0459899902344,206.72846769395255,156.79118268922488,375.9763723537339,201.56025903470575,153.08862828359344,368.69186067990836,204.7406939661261,154.88018931651595,371.6965961898571,52929200,31128800,20545500
2025-04-24,207.09620666503906,158.532958984375,382.8061828613281,207.5534013078127,158.84150262211006,383.9428636514652,201.69940812530302,155.0593219807129,370.8367085183124,203.6374845300284,155.41763415068155,371.3408006891215,47311000,45894000,22232300
2025-04-25,208.0006103515625,161.20040893554688,387.30340576171875,208.46773832051537,165.3209915913829,387.60980644654984,204.93943745171498,160.28471040116125,380.1375268589871,205.1083963732819,164.29582354036455,382.5096738423667,38222300,56034000,18973200
2025-04-28,208.85537719726562,159.85671997070312,386.62139892578125,210.2070638884643,162.38480037619334,388.18305301396595,206.1917677806294,157.85615258510526,382.1538550582223,208.71623364812058,161.66817604969367,387.41210451108003,38743100,29745800,16579400
2025-04-29,209.91883850097656,159.40882873535156,389.468017578125,210.94254069563792,159.98611026905985,390.5157161336794,207.09618845243054,156.78121134684457,385.8504804253008,207.4142395090872,159.56808195579998,386.75978890275064,36827600,26809000,14974000
2025-04-30,211.20095825195312,158.05523681640625,390.673828125,212.2743578831654,158.5230337484883,392.05757796403765,205.4065960245207,154.67117358033983,379.979364791359,208.0205233254963,157.23907529669685,385.77135703314644,52286500,34981100,36461100
2025-05-01,212.01596069335938,160.5435028076172,420.464111328125,213.2483707428857,161.19044821971175,431.91962985286955,207.62296725165953,158.1647125629629,419.9699127886788,207.80187477964563,159.69748324974734,426.1078502028247,57365700,30203200,58938100
2025-05-02,204.09466552734375,163.2606658935547,430.2294921875,205.72463931330321,164.19625953903196,434.3412277785372,200.92416412992952,161.11079307252896,425.0008630376841,204.83013207172814,162.64357867514303,426.7305579775838,101010600,25715000,30757400
2025-05-05,197.6741485595703,163.43984985351562,431.1091613769531,202.85230555244996,164.61430827792813,434.40051033348516,196.99831280299983,161.95683259435438,427.0962415401901,201.85841873478097,162.23551815903613,427.84743296236513,69018500,21341800,20136100
2025-05-06,197.29649353027344,162.46441650390625,428.2823791503906,199.4234110025321,164.02706019999394,432.65110795280134,195.8156116766073,160.43399116800987,426.1672248726853,196.99833957685834,161.40939053220953,427.1852727603517,51216500,21277200,15104200
2025-05-07,195.05029296875,150.67001342773438,428.3218994140625,198.2207944248892,164.22612903746054,433.0365428333408,192.0686324392914,147.14660797263102,426.1078693467033,197.9524407308952,163.3104457768094,428.80620435216304,68536700,127490100,23295300
2025-05-08,196.28271484375,153.55638122558594,433.08599853515625,198.82706269335065,155.19863617628044,438.52218293606853,193.48988012199126,152.18284896246044,430.6051120016966,196.51130456752412,154.27300543354525,432.84876270467214,50478900,57498700,23491300
2025-05-09,197.3163299560547,152.03358459472656,433.6394958496094,199.3140368102294,154.3228003625665,435.626153625383,196.33237664044202,151.48616112175256,430.82255791751214,197.78345792922866,153.4469228058081,434.89474938101273,36453900,32435300,15324200
2025-05-12,209.776123046875,157.71681213378906,444.04730224609375,210.2538252478288,158.35380985703912,444.1560114514232,205.75556156059073,155.5171705905775,434.67728663767485,209.95526516858178,156.75136032378487,440.7658165502587,63775800,44138800,22821900
2025-05-13,211.90582275390625,158.7817840576172,443.9287109375,212.37356332026266,159.81691483841985,445.4409573721911,207.99473291206186,155.42759461947415,440.19254074927665,209.41784747983854,158.0452492784777,442.5844751269483,51909300,42382100,23618800
2025-05-14,211.3087158203125,164.5944061279297,447.6845703125,212.9109724892217,166.21676625125212,448.6334230518337,209.56713314477625,158.86142612462882,442.940276452347,211.40822571910564,159.20979069166216,442.940276452347,49325800,48755900,19902800
2025-05-15,210.43296813964844,163.19100952148438,448.6946105957031,211.93571508448807,165.43045668169412,451.7246558325709,208.53215118256114,161.60845531931332,446.0210270484144,209.9353730316401,165.06218171025907,446.3576953837484,45029500,33146700,21992300
2025-05-16,210.24388122558594,165.41053771972656,449.82342529296875,211.54759317457453,168.5557203255822,449.91254071320964,208.76105751069144,164.84320384513654,444.3376746324017,211.33859654598928,166.9433081258995,447.6251542704443,54737900,42846900,23849800
2025-05-19,207.7758026123047,165.7589111328125,454.37841796875,208.47243269467637,165.85844820194703,455.0913715701619,203.2775387890809,163.44979996369122,446.3874026485213,206.90999202317107,163.73843316462222,446.46663650360125,46140500,30426100,21336500
2025-05-20,205.8650360107422,163.21090698242188,453.68524169921875,207.46729276724128,167.70971181285083,453.8535607411002,204.04383620537516,162.13597050857302,449.8729211666083,206.67113760639387,165.6494131078347,451.13047896335826,42496600,46607700,15441800
2025-05-21,201.11795043945312,167.76943969726562,448.1401062011719,206.04413807343923,172.32796100800184,453.2991005803846,199.74459851783072,162.79289003758296,447.38753565613104,204.183137568141,162.9222851886465,450.12052955644793,59211800,73416000,19216900
2025-05-22,200.39149475097656,170.06858825683594,450.40765380859375,201.77480849030061,175.94092545127197,455.74490907390424,198.7394754118135,169.90935022401754,449.4570590917957,199.7446272097534,171.0440028391721,450.4967994491365,46742400,74864400,18025600
2025-05-23,194.33079528808594,167.6798553466797,445.7734680175781,196.74910019358438,169.1628725233235,449.2491205375805,192.5295034494263,167.10257379846712,444.51591011589574,192.7384848883374,168.26708452621156,445.5754438212613,78432900,35211400,16883500
2025-05-27,199.24703979492188,172.08908081054688,456.18060302734375,199.77448939448533,172.35781874405163,456.4380677238799,196.4803970243206,169.20268808863054,451.65532857824905,197.34622283817185,169.36194132235366,452.0118204825961,56288500,37995700,20974300
2025-05-28,199.45602416992188,171.55162048339844,452.8831787109375,201.75491117265972,174.44797603039132,457.9926743719098,198.93852099816252,171.10373405145273,452.45739496057166,199.6252046868552,172.34787146642654,456.7054113344306,45339700,34784000,17086300
2025-05-29,198.98826599121094,171.053955078125,454.19024658203125,202.8297005493605,173.60194591853366,457.2004982884002,197.55518975609246,169.82972818892713,450.85323834601354,202.60081106845576,173.1839175950813,457.0321490211595,51396800,29317300,13974800
2025-05-30,199.88394165039062,170.93450927734375,455.8537902832031,200.98860329086406,171.40230609492238,457.16087682654637,195.83351057352263,166.65467413099773,451.08099341488645,198.4110493394953,170.54633906565317,455.2200705832806,70819900,52639900,34770500
2025-06-02,200.72982788085938,168.23721313476562,457.44805908203125,201.15776749414482,169.0732697161459,457.58667299374565,199.1574257965875,166.60490568135657,452.41779739511384,199.31665984736324,167.05279205086583,452.66535029783114,35423300,38612300,16626500
2025-06-03,202.2923126220703,165.40060424804688,458.43829345703125,202.78990771325485,167.68982022650283,459.5968543955761,199.99342573046133,164.50483134601953,456.3489311405408,200.38154929416936,166.70447307171773,456.9529759669727,46381600,45084900,15743800
2025-06-04,201.84446716308594,167.2618408203125,459.3294677734375,205.24801554678163,167.43104169003885,461.1316602074749,201.1279290627925,165.57976456796413,458.48778183720145,201.9340306292736,165.9579872104258,459.4582001214203,43604000,26900800,14162700
2025-06-05,199.66500854492188,167.42108154296875,463.1022033691406,203.76518718349973,170.12831044344654,465.0529216385449,199.18730633012683,166.80397909025658,459.4879366863286,202.52119947175674,169.54108125937032,460.4088263203011,55126100,36379100,20131700
2025-06-06,202.93917846679688,172.86541748046875,465.7757568359375,204.7106157617459,173.68157889465496,468.7067748339504,201.07817770068002,170.0287933558417,464.19141216551986,202.0236053289331,170.0287933558417,465.4885869985769,46607700,35731800,15285600
2025-06-09,200.4810791015625,175.47630310058594,468.1225891113281,205.00919791789673,175.8549836240846,468.7959258262165,199.0579642885024,173.76229627558533,464.03300988597726,203.40694095782152,173.93170198198985,465.1024554626714,72862600,28935900,16469900
2025-06-10,201.6951904296875,177.9775390625,466.31048583984375,203.36711781582227,180.478785591731,468.172058367284,199.60530017876516,174.30039723040252,462.38922592870773,199.63515466910712,175.58589455754145,466.57783210788693,54672600,61766100,15375900
2025-06-11,197.82388305664062,176.73191833496094,467.9938659667969,203.51637153393742,179.74138229531295,470.81597545897466,197.4556675860525,176.1340033305199,465.0628476886827,202.52118145308685,179.1434824964821,465.4193094086897,60989900,31646800,16399200
2025-06-12,198.2418670654297,175.087646484375,474.1826477050781,198.71955406677787,176.10409583310096,475.7174938929388,196.410720905765,174.14096047000893,468.88500933710617,198.12244911144163,175.56596932852466,470.37032681118086,43904600,20941900,18950600
2025-06-13,195.50511169433594,174.0612335205078,470.3109436035156,199.40625545491926,176.51266655178486,474.48963821321644,194.7587190445596,171.7891810552309,468.1324959807857,198.769334334526,171.83900983498697,471.7467626653197,51447300,27663100,16814500
2025-06-16,197.46563720703125,176.1539306640625,474.45001220703125,197.73434281232372,176.32333636040028,475.98482813726486,195.61458283187793,174.04130888575864,470.3505215770748,196.3510290449251,174.12103189678987,470.5584575569121,43020700,27389200,15626100
2025-06-17,194.69900512695312,175.3367919921875,473.3608093261719,197.4357781067605,176.74188163753837,474.0539393845567,194.27108064091922,173.97157145760983,469.4395492382731,196.25149936947125,175.08766326949169,470.74663593423935,38856200,24973000,15414100
2025-06-18,195.63449096679688,172.71595764160156,475.5392150878906,196.61973472966923,175.94465595934807,476.29178558337986,194.13175923439314,172.596365522182,469.81579317674493,194.99756984742208,175.39656976170295,473.3211507460615,45394700,28707500,17526500
2025-06-20,200.03321838378906,166.05921936035156,472.7270202636719,200.72984844555882,173.73237998796506,478.7277002496467,195.9131318065836,164.88333923967906,472.2022093150259,197.28649906078425,173.34373983894176,477.5097592999014,96813500,75659900,37576200
2025-06-23,200.53082275390625,164.61428833007812,481.24285888671875,201.3269779408771,166.7567891470348,482.97572926336846,198.00304635957568,161.43540356766906,467.8849134818946,200.6602023375907,165.69052617853575,473.52910172023695,55814300,57671000,24864000
2025-06-24,199.33660888671875,166.18878173828125,485.3126525878906,202.4615056450935,167.63372519441324,487.03564153308133,199.2370837881713,165.55101285806253,482.0350542054208,201.61558786363426,166.3382528798913,484.1640335829149,54064000,40524300,22305600
2025-06-25,200.5905303955078,170.08514404296875,487.45147705078125,202.690382284235,171.75929686583365,489.71907018583636,199.65504919597097,166.96606296199934,484.59969288856837,200.48105886821313,167.04578597314622,487.2237477118272,39525700,35479000,17495100
2025-06-26,200.03321838378906,172.9351806640625,492.580810546875,201.66532960796235,173.08466701517526,493.1650318097281,198.50063224789568,169.34773632150527,487.98621386300664,200.4611428555203,171.8290485705118,488.15456314430565,50799100,31796700,21578900
2025-06-27,200.11282348632812,177.90777587890625,491.0856018066406,202.2425296541318,178.0572470081361,494.4126986738237,199.03801637565215,171.1314725843347,488.204082081207,200.91892502298623,172.93516183654683,492.67982816744995,73188600,108140200,34539200
2025-06-30,204.18316650390625,175.61581420898438,492.5411376953125,206.39248990855162,180.59838864201382,495.8583524786177,198.3015889216639,173.97157072832883,490.48148071954876,201.03836190454115,180.14995998416325,492.17476425163517,91912800,63378900,28369000
2025-07-01,206.8204345703125,175.22714233398438,487.233642578125,209.17903048404247,175.47627101059854,493.1749126279045,205.14850713857425,172.92519579496684,486.17413905224953,205.6759567295316,175.12749998670333,491.61039147776194,78788900,35904500,19945400
2025-07-02,211.41819763183594,178.01739501953125,486.28302001953125,212.3138626915596,178.23662948182692,488.66943364597034,207.13887695509675,174.4598452552033,483.9164299655294,207.90517762155153,174.92819320035304,485.1937811955959,67941800,29128900,16319600
2025-07-03,212.52285766601562,178.90431213378906,493.9571533203125,213.61755770997246,179.0438236063814,495.2345347518064,210.7912213537831,176.43295953117723,488.6100166980764,211.12958235725722,177.8779030413717,488.9763901568408,34955800,21689700,13984800
2025-07-07,208.940185546875,176.17385864257812,492.8481140136719,215.18997897032483,178.67512071867887,493.8680307430937,207.7957228576545,175.06772651945082,490.3824968234557,211.65705062020388,178.43595167386934,492.51144569917784,50229000,34175600,13981600
2025-07-08,208.9998779296875,173.75233459472656,491.7588806152344,210.41304612040562,177.32981935448504,493.3234318678901,207.4473837253886,172.20773349396308,489.2734398258723,209.08945658408672,177.23017699013243,492.37280697303856,42848900,40442500,11846600
2025-07-09,210.1244659423828,176.00442504882812,498.58148193359375,210.31355451699514,178.8146038590092,501.8194631786975,206.22332203726856,172.16785249870574,494.8483646402868,208.52220905408606,174.63920474769347,495.40288075164045,48749400,43025600,18659500
2025-07-10,211.38836669921875,177.0009307861328,496.57135009765625,212.45321238064957,177.80810523578302,499.502368126141,209.01980902189666,173.77223298753196,492.8778497571002,209.49749609462273,175.01787632479642,498.12595942487985,44443600,29252400,16492100
2025-07-11,210.14434814453125,179.56201171875,498.3933410644531,211.1096837700706,180.797680390592,500.08659454551145,208.85059795908091,175.86493496639972,492.9273533491097,209.55718962168862,176.17385213436023,493.59080845907414,39765800,34282900,16459500
2025-07-14,207.6165771484375,180.92723083496094,498.09625244140625,209.89557123752414,183.02987774300456,499.0369655948213,206.54176989733165,179.05377808117527,496.1257409313552,208.92027389637033,180.37914463511837,496.6109349689791,38840100,32536600,12058800
2025-07-15,208.10421752929688,181.36569213867188,500.86883544921875,210.87084499335577,183.5779561932956,503.3245408608939,207.9151289669034,180.9670923041272,497.8684955298327,208.21368905566166,182.17286668727073,498.09622485625505,42296300,33448300,14927200
2025-07-16,209.14918518066406,182.3323211669922,500.67083740234375,211.37840160704656,183.68758195520638,501.760076321519,207.63649175890595,181.39559478616047,496.97736708309617,209.28851120731298,182.60138443088442,500.23514183467364,47490500,33104200,15154400
2025-07-17,209.00982666015625,182.94020080566406,506.6913146972656,210.7812638030366,183.41852368346133,508.34495123446135,208.58188702565155,179.85099864083438,500.67081092720053,209.55718424596662,181.50521696666215,500.7302212088446,48068100,31992600,17503100
2025-07-18,210.1642608642578,184.4150390625,505.0574035644531,210.77132749863404,185.77029989137577,509.60250130270686,208.6913836081342,183.06975311389598,502.463054063605,209.85575432940058,184.7538504683164,509.4440336050126,48974600,34014500,21209700
2025-07-21,211.45799255371094,189.43746948242188,505.06732177734375,214.74212298846783,189.62679452163042,507.0774803175347,210.61209006251647,185.50122385959315,500.60145783110823,211.07983063398711,185.6008814217948,501.7501069031347,51377400,45803100,14066800
2025-07-22,213.36875915527344,190.6731414794922,500.32421875,213.91611676733493,190.98205863993607,506.19619667447284,211.20919838168209,186.80667432845317,500.32421875,212.1148250502387,190.8325874995953,505.968437121084,46404100,44660200,13868600
2025-07-23,213.11996459960938,189.56700134277344,500.9183349609375,214.11515474984876,191.85898836581597,501.8293429250601,211.38834345684663,188.52065778816612,495.79895793496456,213.96588230147148,190.83257936427407,501.78972599996087,46989300,58681900,16396600
2025-07-24,212.73184204101562,191.50025939941406,505.8793640136719,214.65256693634578,197.26011409114668,508.6420329312165,212.50295255730364,190.33433883436888,502.33438916388565,212.87116805528336,196.3433222418533,503.79000158856684,46022600,74881700,16107000
2025-07-25,212.85128784179688,192.50672912597656,508.6816101074219,214.20474714033003,193.65273031316045,513.2167356071609,212.37358560556336,190.59342246149265,505.36436506751977,213.66733592091674,191.31091436137532,507.4536969863606,40268800,39785900,19125700
2025-07-28,213.02044677734375,191.9088134765625,507.48345947265625,213.8166019050196,193.37369138388394,509.9589885432546,212.03520309848784,190.17487232763284,505.12675096242896,213.00053872316795,192.97507635824056,509.0480107678364,37858000,38139500,14308000
2025-07-29,210.2538299560547,195.06777954101562,507.55279541015625,213.7767964509494,195.23718523880464,512.5533521818816,209.80599741985404,191.41057191018163,506.5526719682665,213.14982178903043,191.7593429801203,510.4838436674275,51411700,41389200,16469200
2025-07-30,208.04449462890625,195.84506225585938,508.2162170410156,211.36842593737322,196.91134044406198,510.89971236727115,206.72088996610802,194.0114785811888,504.4534248625209,210.88077731884883,194.91831074404357,510.12731827097724,45512500,32445400,26380400
2025-07-31,206.57164001464844,191.23118591308594,528.2778930664062,208.83071086700429,195.30694304131825,550.0130499577134,206.1636083824018,190.42401135006776,526.6935786680993,207.4872131893059,195.0279201110307,549.795171976257,80698400,51329200,51617300
2025-08-01,201.40660095214844,188.47085571289062,518.9797973632812,212.5527283441607,190.16492789219942,530.5553736121248,200.530828701964,187.16542371122097,515.7616096000787,209.8557561748323,188.371198147092,529.7632164041114,104434500,34832200,28977600
2025-08-04,202.37191772460938,194.36024475097656,530.3969116210938,206.88012777005082,194.5894541087341,532.9813491761439,200.70993685491413,189.45739363731957,522.9604134562841,203.5263267271778,189.62679933287328,523.0990575737549,75109300,31547400,25349000
2025-08-05,201.94400024414062,193.99154663085938,522.584228515625,204.35235878558626,197.1704314779613,532.0407382325785,201.18766113385618,193.21426625386638,522.0792108748774,202.42168730403617,194.03141574053652,531.9219176627233,44155100,31602300,19171600
2025-08-06,212.2242889404297,195.40658569335938,519.8016967773438,214.3440487139093,195.94471220658852,526.4955370830186,204.60112912578842,192.99502167474958,518.9006307843745,204.64094523363173,193.82213079278006,525.70337986457,108483100,21562900,21355700
2025-08-07,218.9716796875,195.83511352539062,515.7418823242188,219.78774287041324,196.8515477811631,522.9209170643583,215.5382768294147,193.65274344901374,512.4840471895837,217.8272171299369,196.37322488399897,521.6435053063135,90224800,26321800,16079100
2025-08-08,228.2468719482422,200.718017578125,516.9300537109375,229.88892965735022,201.9038726725722,519.524403327164,218.19544514014734,196.48282950116197,514.3257923084495,219.76784743364436,196.53265828436582,517.4845698020915,113854000,39161800,15531000
2025-08-11,226.34388732910156,200.2994842529297,516.6627197265625,228.71513292468896,200.77780712193308,522.4257584225397,223.9327956372812,198.37621789685548,514.6327376205326,227.08116933177635,200.23969579500547,517.1875004407061,61806100,25832400,20194400
2025-08-12,228.80477905273438,202.63131713867188,524.0595703125,229.95055565919736,203.7872779637538,525.7825288027884,226.23428798669784,199.8909014203329,517.5836082950698,227.17081559543826,200.66818175308578,518.6233183732385,55626200,30397900,18667000
2025-08-13,232.47125244140625,201.2561492919922,515.4844360351562,234.1351043372746,203.81718459405647,527.4857972911225,229.58191650034667,196.82164596798347,514.2862580919234,230.2195756343437,203.41858472937733,526.901545781552,69878500,28342900,19619200
2025-08-14,231.92327880859375,202.23272705078125,517.3657836914062,234.25466305951576,203.7274993328687,520.8018496782777,230.0003892485326,200.5286799587332,515.0487221853349,233.1985666998313,200.7977432270797,517.445017549053,51916300,25230400,20269100
2025-08-15,230.73765563964844,203.18936157226562,515.0783081054688,233.417757832359,205.7205176785909,520.9502551513766,228.49593650929467,200.57849766290207,513.9990113965767,233.1387895567921,203.13954799676898,517.6528943134479,56038700,34931400,25213300
2025-08-18,230.0402374267578,202.790771484375,512.0383911132812,232.26202593201924,204.55460702217843,517.7024328589179,229.26310933608104,201.7842969623296,508.9885829187347,230.8472538899505,203.4883288365654,516.4844919382945,37476200,18526600,23760600
2025-08-19,229.71145629882812,200.8674774169922,504.7801513671875,232.0129522601839,202.73095505911667,510.117376123604,228.50591803460907,199.26308812547938,503.57209201860513,230.42880766374827,202.3223803786228,509.95896886179673,39402600,24240200,21481000
2025-08-20,225.17819213867188,198.62533569335938,500.76983642578125,229.6217843388592,200.57849617106174,505.9981527246316,224.93908515924198,195.9148142419443,499.5023667236012,229.13358225147155,200.03040999419306,504.87920872605446,42263900,28955500,27723000
2025-08-21,224.072265625,199.05384826660156,500.1251220703125,225.6863136691638,201.77432964491462,503.48747238505433,222.95639256938466,198.73495620472804,498.6175369804135,225.43723377620466,199.05384826660156,499.57962247206007,30621200,19774600,18443300
2025-08-22,226.9217529296875,205.37173461914062,503.09075927734375,228.2468598588307,207.81319287530533,506.5621975190336,224.58041092619504,200.59843534470966,498.3100856343386,225.33760837029214,202.02344423178036,500.13506667774504,42477800,42827000,24324200
2025-08-25,226.323974609375,207.7633819580078,500.1449890136719,228.45609804536198,209.78630584234324,504.04291093011733,225.3973894325087,204.56456266974786,500.00611695670057,225.6464693442017,205.71054863967242,502.4956437530773,30983100,29928900,21638600
2025-08-26,228.46603393554688,206.41806030273438,497.9430847167969,228.64537936019502,207.1255924506065,500.8590951140394,223.8630424721864,204.9830766604532,494.44189267773186,226.03501179732243,206.78676588657316,500.24412923099453,54575100,28464100,30835700
2025-08-27,229.6417236328125,206.75689697265625,502.604736328125,230.05020313892598,208.1819211161226,503.1502662118434,227.41991984776428,204.9332729711404,495.8205578102606,227.7686378094015,204.98310175479907,497.9034268047853,31259500,23022900,17277900
2025-08-28,231.70408630371094,210.9023895263672,505.4810791015625,232.55096405412047,211.4803699291827,506.91922816363694,228.4959359400532,206.17890394821848,501.3748491905692,229.9704999102399,206.5276902069273,502.95187030654046,38074700,32339300,18015600
2025-08-29,231.28561401367188,212.16798400878906,502.5551452636719,232.52105569809,213.9019101459949,505.44140176386463,230.5184437223928,209.46742202841364,500.3730863144936,231.65424737322112,209.77633920432456,504.5090702372647,39418400,39728400,20961600
2025-09-02,228.87454223632812,210.6134033203125,500.9979553222656,230.00038826150748,210.9422398144114,501.87077891116434,226.1346633063032,205.48134311686184,492.75577163159113,228.4062708029861,207.71354168202492,496.3859077753076,44075600,47523000,18128000
2025-09-03,237.59234619140625,229.85610961914062,501.22607421875,237.9709525201245,230.50383816310156,503.64616490840893,233.49747185558658,224.0065573472935,498.220801883355,236.33698891571112,225.42162175778444,499.6788070917271,66427800,103336100,16345100
2025-09-04,238.8975067138672,231.49038696289062,503.82470703125,239.0170601981439,231.56013509073304,504.00323087503085,235.8687018920251,225.32195802772998,499.0440334241921,237.57239985348932,228.8496136665047,500.1846427841772,47549400,51684200,15509500
2025-09-05,238.80784606933594,234.18099975585938,490.9605407714844,240.43185187342493,234.93834560019894,507.79205789513924,237.61226559630578,231.09179750662295,488.35199810583333,239.1167027112504,231.39075501551852,504.9157294675595,54870400,46588900,31994800
2025-09-08,237.0045166015625,233.4329071044922,494.1344299316406,239.2661511981365,237.512309448077,497.1099483047291,235.47017586985078,233.0638717332001,490.990285532587,238.41928864081726,234.85920568133895,494.0451377441344,48999500,32474700,16771000
2025-09-09,233.4875030517578,239.00840759277344,494.3427429199219,237.90119155812317,239.84622499047865,498.1514030762742,232.5011411802574,232.62499998265747,493.6385453300377,236.12774389612645,233.56256406927383,497.3380873986388,66313900,38061000,14410500
2025-09-10,225.95533752441406,238.5496063232422,496.2867126464844,231.56462228661692,241.0331528996711,499.1233892811019,225.11843262708078,237.23303823372945,492.66650462093776,231.33547301291114,238.28030242478394,498.8754294126598,83440800,35141100,21611800
2025-09-11,229.18341064453125,239.74649047851562,496.9215087890625,229.60186307827533,241.62161874698785,499.0638857033828,225.81584532196928,235.63718236935347,493.8170463660224,226.04500979013486,239.25777124796906,498.15138006137016,50208600,30599300,18881600
2025-09-12,233.20852661132812,240.17538452148438,505.7389221191406,233.6468944473401,241.4520630725996,508.3672905695674,228.17710979485463,237.38264448371655,499.73830564164535,228.37637066624734,239.7464919977143,502.51544395369297,55824200,26771600,23624900
2025-09-15,235.828857421875,250.9573516845703,511.1544189453125,237.31337916896246,251.7552796155814,511.26350676755015,234.16500543557729,244.0253822711298,502.8626547877709,236.12775635652346,244.0253822711298,504.63805606783444,42699500,58383800,17143800
2025-09-16,237.2735137939453,250.5084991455078,504.8859558105469,240.33222235518573,252.3836121103763,513.0090929577493,235.45026224943368,248.82288053993366,504.449544036503,236.30708253667353,251.42611085580688,512.6619733694059,63421100,34109700,19711900
2025-09-17,238.11044311523438,248.8827362060547,505.8579406738281,239.21635855568803,250.94737408261642,507.1175961354426,236.85507060288438,245.6411664684413,501.80132099339164,238.09051246512186,250.56835490468708,506.4530503919847,46508000,34108000,15816600
2025-09-18,237.0045166015625,251.37625122070312,504.3008117675781,240.31228984200703,253.33117381914667,508.88310546808697,235.77903252032195,249.15203994052993,503.51725007824297,239.08682096339746,251.02715300766394,507.31598208941665,44249600,31239500,18913700
2025-09-19,244.59646606445312,254.0592803955078,513.703369140625,245.3935247988757,255.33595897283527,515.0621842649809,239.32594197772087,251.1568250217611,506.1455578149837,240.34217704154452,252.59309222605677,506.39351766303514,163741300,55571400,52474100
2025-09-22,255.13751220703125,251.87496948242188,510.25189208984375,255.69547916115815,255.11653941381564,513.5150225661836,247.2068166293636,249.65075806779814,508.3574445613838,247.38616206443075,253.7700350469374,511.3826037577857,105517400,32290500,20009300
2025-09-23,253.49359130859375,251.00721740722656,505.0744323730469,256.3928850249964,253.7002107757565,510.3907077578639,252.64672876089196,249.8302703204236,503.17008724169204,254.9382669065294,252.38362744671002,509.60711582016205,60275200,26628000,19799600
2025-09-24,251.3813934326172,246.4989471435547,505.9869079589844,254.7987775332095,251.69543970951247,508.29788064425674,250.11606329601622,245.80076590550527,502.7832857896144,254.28068708944184,251.00722705371746,506.215041937542,42303700,28201000,13533700
2025-09-25,255.9246063232422,245.1524200439453,502.8923645019531,256.22352044118514,245.8506164364007,505.84805701475193,250.7836088309123,240.1155317960277,500.9186136455738,252.27808820484515,243.76602627878,504.15198973027213,55202100,31020400,15786500
2025-09-26,254.51980590820312,245.90049743652344,507.28619384765625,256.6519291955366,248.7730319241888,509.74596656687834,252.84598111295833,245.33198386371188,502.4856945681329,253.16481067495934,246.42913668030897,505.8976246789574,46076300,18503200,16213100
2025-09-29,253.49359130859375,243.4169464111328,510.40057373046875,254.06150078407975,250.4985201433971,512.6322125671903,252.07881928540593,242.1402679011131,504.72728094557834,253.62311772285494,247.20709239615746,507.325895548039,40127700,32505800,17617800
2025-09-30,253.69285583496094,242.46942138671875,513.7232666015625,254.97810138533342,242.65891575563484,513.9315141469417,252.1784458386236,238.6294019345709,505.5009089039439,253.9220050782957,242.18016510404112,509.05168089535164,37704300,34724300,19728200
2025-10-01,254.5098419189453,244.26473999023438,515.4689331054688,257.83756097799323,245.66111761710096,516.262392605391,253.9917514638179,237.9910625183314,507.5143608700387,254.10134722927504,240.12551089529904,510.5989672146665,48713900,31658200,22632300
2025-10-02,256.18365478515625,245.0526885986328,511.53131103515625,257.229778167004,246.16977847594512,517.343476169315,253.21461153357077,241.6714827842888,506.5126054199375,255.63566078088252,244.5140808226371,513.4158303625842,42630200,25483300,21222900
2025-10-03,257.07037353515625,244.71360778808594,513.1281127929688,258.2858846694617,245.66114059757743,516.2425031799986,253.01536064819075,241.0331766174326,510.7973143114264,253.73271197999827,243.85583788051034,512.8801529316524,49155600,30249600,15112300
2025-10-06,255.7452850341797,249.7803955078125,524.256591796875,258.1165305885388,250.66810152305118,526.6965386672223,254.1113214696764,243.94557911341744,513.9712214168786,257.0404883747525,244.14505728413704,514.377848960065,44664100,28894700,21388600
2025-10-07,255.53607177734375,245.12252807617188,519.7040405273438,256.45266881763376,249.7903967365714,525.4765536672338,254.48991791397023,244.88316034229135,517.1847899970462,255.86484387966763,247.62602723387863,523.9788663400786,31955800,23181300,14615200
2025-10-08,257.1102294921875,243.98545837402344,520.5668334960938,257.56852798749276,245.37185214800957,522.6497323527587,255.16739414069707,243.18754572478312,518.8212471755213,255.5758888188916,244.32458799107962,519.0096990644043,36496900,21307100,13363400
2025-10-09,253.1050262451172,240.9034881591797,518.136962890625,257.0504585775582,244.12510552114733,520.0512058016051,252.2083446799687,238.52965682972516,513.1777655449532,256.8611554198282,243.83586445575082,518.07745494396,38322000,27892100,18343600
2025-10-10,244.3673095703125,235.95635986328125,506.790283203125,255.436420799504,243.45684250665406,519.3073226434543,243.10197943699816,235.22824247873842,505.47115003636685,254.00171816056968,240.80373872383117,515.3994727403434,61999100,33180300,24133800
2025-10-13,246.74851989746094,243.51669311523438,509.8550720214844,248.7710475029622,243.8657913377574,512.1957986627914,244.6562426215344,239.08822281740842,507.50441729945595,248.46219085423505,239.5869258671789,512.1957986627914,38142900,24995000,14284200
2025-10-14,246.8581085205078,244.81332397460938,509.3789978027344,247.93413549962378,246.47899033376285,511.07506506957225,243.79940008876653,239.88613541009548,501.87076583985106,245.69241642712313,240.60426901896764,506.0662576446326,35478000,22111600,14684300
2025-10-15,248.42233276367188,250.37884521484375,509.2401123046875,250.89321639065437,251.45604559967558,512.9694382549203,246.559219921403,245.3519253048375,505.838110317394,248.57178982967116,246.60865147753682,510.75765569343554,33893600,27007700,14694700
2025-10-16,246.53929138183594,250.8077392578125,507.4349670410156,248.1234359576197,256.29345747170413,512.6321960787722,244.22783772705108,249.45126638195018,503.9833851231019,247.33635013275978,251.1169327071502,508.3970827878481,39777000,27997200,15559600
2025-10-17,251.36148071289062,252.64297485351562,509.388916015625,252.4474806979352,253.5605866634714,511.27337462741934,246.3599669580113,247.1672097408255,503.1700633614309,247.1072067041429,250.10955476977685,504.88595648751925,49147000,29671600,19867800
2025-10-20,261.27484130859375,255.88453674316406,512.57275390625,263.4069798400544,256.6625123260812,514.4672014016805,254.68918336894043,253.5705623788801,509.24018745186737,254.94822099113512,254.0293759063695,510.41055088987974,90483000,22350200,14665600
2025-10-21,261.80291748046875,249.81033325195312,513.4356079101562,264.3136625920602,254.2188662949897,514.4572316509175,260.86637452698056,243.51668810909678,508.8533142722573,260.91620875530236,254.07923005269296,513.2769402267872,46695900,47312100,15586200
2025-10-22,257.49884033203125,251.0371551513672,516.2921142578125,261.882640960004,255.69502480450944,520.943843958813,254.48993535873984,248.64337127106648,513.4852520447155,261.68336485657886,253.71019631561148,516.8971823641815,45015300,35029400,18962700
2025-10-23,258.6246337890625,252.4235382080078,516.3118896484375,259.6608147081683,254.3784456458486,519.6742395740552,257.0604350924048,251.19673296350098,514.3777908083965,258.98332466328685,252.3237915100895,518.1964086283891,32754900,19901400,14023500
2025-10-24,261.85272216796875,259.24578857421875,519.3370971679688,263.15789839957887,261.00120248797276,521.0628883153897,258.22610426270086,254.65771475094738,516.4607987679614,260.2287163700197,255.91442564996356,518.5237814648117,38253700,28655100,15532400
2025-10-27,267.8207092285156,268.571533203125,527.1824951171875,268.12956591820625,269.43930209007345,530.2175212473691,263.67601542509226,263.59448643744673,524.6929685473742,263.90517991319996,264.13309426145156,527.440383046071,44888200,35235200,18734700
2025-10-28,268.0099792480469,266.77618408203125,537.6464233398438,268.89671830922975,270.0277373828665,549.2013167264516,267.1631014853557,265.80869904433325,536.3570441492753,268.00000632210845,268.9904266199372,545.511702993095,41534800,29738600,29986700
2025-10-29,268.7073974609375,273.8577880859375,537.1305541992188,270.4110953948544,274.6257797911847,541.8120671168963,266.1269030442272,266.97569238760303,532.3498815675878,268.28892986747474,267.05547147917497,540.4929039137475,51086700,43580300,36023000
2025-10-30,270.4011535644531,280.7498779296875,521.469482421875,273.131090148023,290.8336389163956,530.6042843733296,267.49191714200913,279.3335478851562,517.8591725476514,270.98897852374654,290.8336389163956,526.150935240438,69886500,74876000,41023100
2025-10-31,269.37493896484375,280.46063232421875,513.5844116210938,276.29937269597025,285.25815337777135,525.0004940086545,268.16940070155243,276.3114191679317,510.89650476941233,275.9705701844509,282.47538175038454,524.5640822050067,86167100,39267900,34006400
2025-11-03,268.05975341796875,282.98406982421875,512.810791015625,269.8531467885877,284.7893724933962,520.6760707602963,265.2700709373508,279.0742243823285,510.3907002836433,269.424736694289,281.4480558536455,515.5680732671589,50194600,29786000,22374700
2025-11-04,269.0461730957031,276.8200988769531,510.1327819824219,270.49081837885313,280.5404041676455,511.34279700787874,266.6350661079627,275.5434202802167,503.6957236126803,267.3424445625432,276.03213953132416,507.5837474278435,49274800,30078400,20958700
2025-11-05,269.14581298828125,283.572509765625,503.02130126953125,270.7000692568828,285.677052345188,510.6287232020861,265.94760492323326,276.62058842555,502.4460174356622,267.6214146886098,278.1466184544242,509.11117977922714,43683100,31010300,23024300
2025-11-06,268.7771301269531,284.0113830566406,493.04339599609375,272.3937751745226,287.60205105478576,501.5732213085109,266.90407480138714,280.41076169575746,491.7639146320967,266.90407480138714,284.58986519375543,501.53353925537283,51204000,37173600,27406500
2025-11-07,267.4819030761719,278.10675048828125,492.7657165527344,271.28785094446636,283.0439232317803,495.304823297102,265.78814772800683,274.47620783787715,489.22484220934433,268.8069946610708,282.4753944065927,492.89466053302914,48227400,34479600,24019800
2025-11-10,268.6986083984375,289.3475036621094,501.8707580566406,272.9869540449525,290.0456696400176,502.7138276367279,266.7339548671466,282.12626310035637,494.72950196106785,268.22988302493957,283.6822445549795,495.95940345274505,41312400,29557300,26101500
2025-11-11,274.5028381347656,290.5543518066406,504.5289001464844,275.1610502271484,291.1627853205446,505.4414057875519,269.06761990152603,286.5747114373448,498.2505695472254,269.0776024957972,287.0035887304013,500.68055811559174,46208300,19842100,17980000
2025-11-12,272.7276306152344,285.96630859375,506.9688720703125,274.9815052844664,291.2525794490294,507.4945458106546,270.9624464716027,282.95415298016115,495.0469415436793,274.25347600982695,290.9234183741868,505.2033686484966,48398000,24829900,26574900
2025-11-13,272.2090759277344,277.8474426269531,499.1828918457031,275.9488963676571,282.1063559927165,509.3095642884979,271.3513946141157,276.5208753822851,497.1992129195551,273.36590026791555,281.60765291032834,506.1455939798088,49602800,29494000,25273100
2025-11-14,271.6705322265625,275.6929931640625,506.0166320800781,275.21088338895913,277.83740995344476,507.42505738590404,268.8681625557137,269.997813487729,493.38060745410195,270.31420819279356,270.70596321739896,494.16416907736203,47431300,31647200,28505700
2025-11-17,266.73394775390625,284.2806701660156,503.3486022949219,269.7557213346742,293.1875295999499,507.94082387806293,265.00866346949266,282.83444961203753,500.7896697837805,268.09027174019775,285.0387085276487,504.300789978241,45018300,52670200,19092800
2025-11-18,266.7140197753906,283.5426025390625,489.7604064941406,269.9751321987233,288.05086711584505,498.8754133867433,264.59977951795884,277.4783868942568,482.8076023204449,269.2570854665072,287.1731753233953,491.32749949419616,45677300,49158700,33815100
2025-11-19,267.8309631347656,292.05047607421875,483.14483642578125,271.47104873805114,303.0219431129204,491.14898819063853,264.77927226211665,285.88651371587775,478.88983663624714,264.80918960656476,286.41513772838755,486.1005289347495,40424500,68198900,23245300
2025-11-20,265.5272521972656,288.6991882324219,475.41387939453125,274.68232536305425,305.625169818548,490.45844852333465,265.1981613886433,287.92121274474346,472.50235794747454,270.09480618650156,303.7500416076266,489.60385435710714,45823600,62025200,26802500
2025-11-21,270.7530212402344,298.8827209472656,469.1436462402344,272.5880228442522,303.1316807498811,475.9007957312625,264.9488429624803,293.0877938372482,465.3179114267742,265.22808167538,295.65113486551246,475.4834301610789,59030800,74137700,31769200
2025-11-24,275.1710205078125,317.75360107421875,471.0118103027344,276.24807542504453,318.651290855991,473.89352206444323,270.164627965921,308.79691436510495,465.0694984877541,270.164627965921,310.3229443803346,472.0055061050608,65585800,85165100,34421000
2025-11-25,276.2181396484375,322.60101318359375,473.98297119140625,279.6188865292943,327.9770159307299,476.12935785467323,274.5028075356392,316.82602366827604,461.95927573241335,274.52274228722064,325.3638169665917,471.08139630740516,46914200,88632100,28019800
2025-11-26,276.79656982421875,319.1200866699219,482.4393310546875,278.7712060098946,323.6582721471574,485.23161394332453,275.8790842359358,315.9682798124272,478.1664510662567,276.2081750495132,319.8481736259059,483.244222260298,33431400,51373400,25709100
2025-11-28,278.093017578125,319.3494567871094,488.9082946777344,278.2426042891834,326.0021684294219,489.5243812398697,275.2407657367699,315.9682661584897,483.5820692635899,276.5073375714406,322.53118447190013,484.5260924315005,20135600,26018600,14386700
2025-12-01,282.33148193359375,314.0732421875,483.6714782714844,282.650620542313,319.02036824755595,486.7718042788117,275.390384584981,313.07583602161014,481.59465771305275,277.255303275414,316.87595107857686,485.3607732415945,46587700,41183000,23964000
2025-12-02,285.4131164550781,314.9908447265625,486.91094970703125,286.619823290159,317.5541859262309,490.38888506208144,281.86278279875575,313.095779063488,483.2541563831954,282.231773534172,315.9184251730286,483.6516286444489,53669500,35854700,19562700
2025-12-03,283.378662109375,318.8009338378906,474.7182922363281,287.8365294074879,320.74585757492326,481.18723109312356,282.5309633672564,313.2852790244178,472.2042431453193,285.4231155973949,315.0706445626379,473.3171775583083,43538700,41838300,34615100
2025-12-04,279.93804931640625,316.7961120605469,477.8087158203125,283.9571086251454,321.52380710663783,478.28570075231454,277.8337611056945,313.8837033726762,473.48613274494215,283.32881389666403,321.39416988540876,476.7355376297969,43989100,31240900,22318200
2025-12-05,278.02325439453125,320.4366455078125,480.11407470703125,280.37686403379615,322.32175763971526,480.35255199911325,277.29522501275557,318.3421170569229,475.86105782216015,279.77848663840757,318.6612638744486,479.4780948278929,47265800,28851700,22608700
2025-12-08,277.1356506347656,313.11090087890625,487.92449951171875,278.9108174051644,319.81785493964355,489.19642891935564,275.4003533668138,310.6157547321785,481.3263751862239,277.374989388386,319.4285975207571,481.8331697469475,38211800,33909400,21965900
2025-12-09,276.4275817871094,316.4643859863281,488.918212890625,279.2698514894354,317.3726229056239,489.0175885389743,276.16830825817004,311.2944500995635,485.4204144751398,277.40493251311347,311.7635388280278,486.01663804004494,32193300,30194000,14696100
2025-12-10,278.02325439453125,319.58831787109375,475.5430603027344,278.9906225605669,320.6861883612462,481.19719183884354,275.6896099437804,314.069055340672,472.084987996716,276.99605153243056,315.2168165746965,480.97857754952304,33038300,33428900,35756200
2025-12-11,277.2752380371094,311.82342529296875,480.4221496582031,278.83100071126506,320.49655652430846,482.96600869209163,273.06669274298736,308.0008744502611,472.86010822118624,278.342340640522,319.45856710455377,473.6252734590456,33248000,42353700,24669200
2025-12-12,277.52459716796875,308.68951416015625,475.5132751464844,278.4620479370953,314.25866704717134,479.4085762318817,276.0685689150702,304.96674508462553,473.3370788032073,277.14562382282355,313.0909556884665,476.79515128743174,39532900,35940200,21248100
2025-12-15,273.3658752441406,307.6216125488281,471.82666015625,279.3894873363706,310.8154121445851,477.6894594742654,272.0993337942639,304.28810059210934,469.5411415575728,279.3894873363706,310.7156001962807,477.0733729131614,50409100,29151900,23727700
2025-12-16,273.8645324707031,305.97479248046875,473.38677978515625,274.752131096348,310.16661977978157,474.87732355778707,271.0522107383373,302.00250880457793,467.911505956298,272.07941349564567,304.3579426322819,468.9350114671635,37648600,30585000,20705600
2025-12-17,271.10205078125,296.1439208984375,473.1184387207031,275.41033087528734,307.4918412298865,476.9739832708393,270.9026119684932,295.54507970361715,472.0055042784347,274.2634587890498,307.4120099511304,473.903466892556,50138700,43930400,24527200
2025-12-18,271.45111083984375,301.8727722167969,480.9289245605469,272.8872042261758,303.3698600006946,486.51349034093164,266.22534517191764,298.6490626821344,474.87732052138307,272.86723904028526,301.1342186567393,475.1754171439269,51630700,33518000,28573500
2025-12-19,272.9271240234375,306.56365966796875,482.856689453125,273.8545921928022,306.65348128006514,484.7745151206103,269.1673383776201,300.3856749721532,479.44828972039977,271.4112306527045,301.1442091965169,484.2875835443981,144632000,59943200,70836100
2025-12-22,270.2344665527344,309.1785888671875,481.86297607421875,273.1365711538121,309.5279154654388,485.6489546100234,269.775723721713,304.70727541789904,479.6470235443271,272.1193204151364,309.27840081787804,483.05539282771,36571800,26429900,16963000
2025-12-23,271.62066650390625,313.73968505859375,483.7807922363281,271.7603010837797,314.328535898872,484.75459468390824,268.8282792538215,308.7194521900694,481.6840783901604,270.1048034873943,309.02884787804055,481.922585996358,29642000,25478700,14683600
2025-12-24,273.0667419433594,313.48016357421875,484.94342041015625,274.68233959340455,314.4682316573388,486.0762481946253,271.46112688748974,311.3143938726672,481.77352833631136,271.60073103225574,314.15883598568854,482.61817584356095,17910600,10097400,5855900
2025-12-26,272.6578063964844,312.9013671875,484.6354064941406,274.6224597374741,314.4782864028367,485.04282544173617,272.11926379011726,311.6737441219225,482.8964387136479,273.4157529954652,313.86948526563873,483.64171061957336,21521800,10899000,8842200
2025-12-29,273.0168762207031,312.9512634277344,484.02923583984375,273.61522314661676,313.410361871903,485.27135560420123,271.6107000753325,310.0169686016006,481.1276307272214,271.9497734782625,310.7655125785055,481.80333660098637,23715200,19621800,10893400
2025-12-30,272.33868408203125,313.24066162109375,484.4068603515625,273.3359694836473,316.3346490163796,486.5929730105466,271.54086793463244,311.85334570689247,482.43933166580535,272.06942798009953,311.8932765746258,482.8666136001516,22139600,17380900,13944500
2025-12-31,271.12200927734375,312.3923034667969,480.5711669921875,272.9370761103812,313.9692224596297,485.06269150087525,271.0123224859311,310.83533467851674,480.25317705215497,272.3187639976345,312.2426007868329,484.7645645601486,27293600,16377700,15601600
2026-01-02,270.2743225097656,314.5381164550781,469.95849609375,277.0857683126949,321.87385220157,481.6046121327098,268.2697691424855,309.7274673850438,467.1960229709088,271.52092924369913,316.28471875384633,481.3363251826272,37838100,32009400,25571600
2026-01-05,266.5345153808594,315.9254455566406,469.86907958984375,270.7729784841199,318.4006111389099,473.0687813775576,265.41756056202854,314.01915017003046,466.5401924921144,269.9053450243044,317.0432662013207,471.071443053882,45647200,30195600,25250300
2026-01-06,261.6477966308594,313.7297058105469,475.4933776855469,266.82371056256306,320.3168980142969,475.7219083069673,261.40845786144683,311.17467848252585,466.78859294331005,266.27521573774703,315.7857038876524,470.81304872472026,52352100,31212100,23037700
2026-01-07,259.623291015625,321.35491943359375,480.4221496582031,262.964203143993,325.5168067446344,486.61288592496,259.1047135716701,313.5800344006012,474.9369593023546,262.48552563718374,313.74968730616825,476.73554642416184,48309800,35104400,25564200
2026-01-08,258.33685302734375,324.80816650390625,475.0959167480469,258.5861744106298,329.67869694461876,479.6172511411785,255.00590778144198,320.8758135066914,472.86010104573086,256.32231677215987,328.3313118537803,478.20618966596595,50419300,31896100,18162600
2026-01-09,258.6659240722656,327.9320983886719,476.258544921875,259.5036402038468,330.1876899539591,476.7951491709672,255.52448097015204,325.16745676828174,469.2231916595613,258.3767027680543,326.45496079982934,471.07145138115897,39997000,26214200,18491000
2026-01-12,259.54351806640625,331.2156982421875,474.1717529296875,260.5906555331263,333.39148904567276,477.95773148860775,256.1028713590674,324.36903115835116,472.68120923483104,258.45648066308013,325.1674658209474,473.6649886945649,45263800,33923900,23519900
2026-01-13,260.3413391113281,335.31768798828125,467.70281982421875,261.0992857475004,339.82890107364614,472.7805908527595,257.6885867541948,332.97224461379506,463.01257439213845,258.0176775418968,334.2996793666924,471.68751939768345,45730800,33517600,28545800
2026-01-14,259.25433349609375,335.1879577636719,456.4840087890625,261.10930037675524,335.8666302231012,465.24841354789686,256.0131555781144,329.83837890700147,454.2879494306214,258.78560808748875,334.40947336413166,463.51936213123724,40019400,28525600,28184300
2026-01-15,257.5090637207031,332.1339111328125,453.7811279296875,260.3313985459844,337.03438209247,461.32327541703046,256.35220896361545,330.097863235539,453.02590941718984,259.9424426175537,336.99445122357054,461.1940901109254,39388600,28442400,23225800
2026-01-16,254.8363494873047,329.35931396484375,456.9609375,258.1971965798445,334.00028002450074,460.26996150673693,254.23797213114116,327.0637915356931,453.60227115836847,257.1999111311508,333.7607557246461,454.9437362325269,72142800,40341600,34246700
2026-01-20,246.0303192138672,321.3748474121094,451.65460205078125,254.09835490933511,327.0937337673917,453.92022725149957,242.75922413209136,319.80788820634325,446.44764578645413,252.04394930256512,320.2470363972373,448.37541805572727,80267500,35361000,26130000
2026-01-21,246.97775268554688,327.7424621582031,441.3102111816406,250.8771427168815,331.83450818795274,449.8361378186282,244.51445623630568,318.729994927537,435.9144504613163,248.02490552393743,320.2969541162656,449.74670883889326,54641700,35386600,37980500
2026-01-22,247.67584228515625,329.89825439453125,448.29595947265625,250.31864258405668,334.49928930997066,449.98522421932967,247.47637302553753,328.11172120927307,441.8965557848095,248.52352576906395,333.8006666576773,444.7981306791853,39708300,26253600,25349400
2026-01-23,247.36668395996094,327.2933044433594,463.0125732421875,248.7329754164565,333.0421309365838,468.1301005814363,244.01580413580567,326.8142558744754,447.6897705604439,246.6486524137701,331.8444485977197,449.02131930234236,41689000,27280000,38000200
2026-01-26,254.7166748046875,332.61297607421875,467.3152770996094,255.86354695988197,335.1879535299186,471.2602507862521,249.12190294519746,326.3651202937951,459.0874767807031,250.7973351598156,327.1735452193246,462.3766075757791,55969200,26042100,29291200
2026-01-27,257.5688781738281,333.90045166015625,477.5503234863281,261.23891141767155,337.2539439848537,479.82589540353166,257.50904348719195,332.8325522369338,470.17711748937944,258.4664593428383,334.71886692218493,470.7137217228436,49648300,21636200,29213900
2026-01-28,255.74388122558594,335.3576354980469,478.5937194824219,258.1572949521919,336.8846637353836,480.69040309270366,253.81911240916085,331.2955302242731,474.9865988275796,256.9505880888889,335.40752623810386,480.16374552458444,41288000,27434400,36875400
2026-01-29,257.5788879394531,337.5932922363281,430.76715087890625,258.94516415300217,341.62545715973704,439.7104135269112,253.7193980705993,325.9060355700189,418.36581575660404,257.29964922744847,339.6393000059441,437.2162272399066,67253000,39785600,128855300
2026-01-30,258.775634765625,337.3437805175781,427.577392578125,261.1890484668085,339.33989756206086,436.8286984461687,251.49543285360957,331.64487488391205,423.7616041817895,254.47732177254832,339.33989756206086,436.4014165119217,92443400,31024000,58566800
2026-02-02,269.2770690917969,343.022705078125,420.70098876953125,269.7557466562268,344.16047585276425,428.02452201181774,258.50636737104884,334.97835654941485,419.58805431821895,259.3241487899344,335.5672073695487,427.5276741085398,73913400,32006100,42219900
2026-02-03,268.7485046386719,339.0504455566406,408.61767578125,271.1419837262723,348.322417578686,419.3893355198486,266.88355520832346,336.81480425638233,405.98438775489564,268.4692659190308,346.66563680855586,419.3496095186449,64394700,36506700,61424100
2026-02-04,275.73944091796875,332.3934326171875,411.5788879394531,278.19278500760885,342.6434831024425,417.15350712085007,271.5508603406617,327.8821884154679,406.6600813351222,271.5508603406617,342.2941565134455,408.4089957411405,90545700,70618400,45012400
2026-02-05,275.1610107421875,330.6069030761719,391.1882629394531,278.7412615768201,332.0441098613053,405.7260079125925,272.48829324857786,305.8650224655501,389.8467674620769,277.3749854862336,311.6138496060838,404.87144402823185,52977400,88205800,66289200
2026-02-06,277.3650207519531,322.233154296875,398.6111755371094,280.14745564173626,329.7385737476322,399.2570717870675,276.1782486476445,319.2988903139048,390.44299427907015,276.3677353153735,326.54477434837446,396.65359346172795,50453400,56380500,53515300
2026-02-09,274.13079833984375,323.6903381347656,410.99261474609375,277.70443813431814,327.0637807183464,412.2744908996196,271.2160169672847,316.6440476026885,398.3428555009064,277.41494619870406,320.30690521957837,402.2977759502542,44623400,39640100,45480500
2026-02-10,273.19244384765625,317.9614562988281,410.6646423339844,274.87943562430115,321.0454837970353,421.009018998737,272.4537718732244,313.9991629255859,410.09825878894065,274.40031021957236,320.3468306795893,416.9746165751398,34376900,39170000,44857900
2026-02-11,275.00921630859375,310.3562316894531,401.8207702636719,279.6808719096702,320.4366276261131,413.8345489802859,273.9610989943363,309.05876795214033,398.4819668946231,274.2106536370846,318.3506892240785,413.5563153661985,51931300,45406400,42491000
2026-02-12,261.2637634277344,308.40008544921875,399.3067626953125,275.22883180172755,315.62601945223736,403.6392926521932,259.71650632997444,306.60359228041904,395.50092068537,275.0990585104662,311.4840826487114,402.44684542456184,81077200,47761300,40802400
2026-02-13,255.32435607910156,305.1264343261719,398.7900085449219,261.7628783299504,308.03078810659247,402.98340606348665,254.9949421084194,303.1203270701956,395.54060384789733,261.5432690161623,307.1325415821482,401.90028127287496,56290700,38499700,34091600
2026-02-17,263.4099426269531,301.43359375,394.3581237792969,265.8156532326085,303.84890853372514,397.9950542597942,255.08478749757862,295.674807618098,392.04282577248057,257.5903108294174,299.45745756709624,396.7032617740463,58469100,39247600,32078800
2026-02-18,263.8791198730469,302.7410888671875,397.0808410644531,266.3447212846438,304.7871271852118,400.02217209191446,261.9825104325609,300.66514046909924,393.8215201082963,263.13045584681157,301.5035060024616,395.6201070500213,34203300,28482100,23223400
2026-02-19,260.11578369140625,302.26202392578125,396.8517761230469,264.00886051677537,304.87693233204385,402.7976819572589,259.5867290635135,299.4574819671566,395.0690225854118,262.13220471573277,301.23402488534225,399.07278661262325,30845300,25834400,28234000
2026-02-20,264.1086730957031,314.3684997558594,395.6267395019531,264.2783836675007,315.88553781924986,398.5050592846536,257.7001265171608,303.3099937290923,393.56508699389525,258.50868117461044,303.72919173070744,394.51123443489973,42070500,53210800,34015200
2026-02-23,265.705810546875,310.8852233886719,382.9182434082031,268.95002088588865,318.8996316925602,393.7642745182822,262.91081074777924,309.2683735389658,381.55377772275136,263.0206001676805,318.43054299285177,393.405742102137,37308200,31423000,43238300
2026-02-24,271.6552429199219,310.29638671875,387.429931640625,274.4003442568012,311.6637220131571,387.78846403174964,267.233111068832,305.33603467292323,380.1693467763097,267.38283777638213,309.91711960911005,382.5895619940176,47014600,25615600,33884700
2026-02-25,273.74151611328125,312.2925109863281,398.9831237792969,274.45024283739696,313.031095017384,399.84960746436826,270.567157599074,308.8392369672335,388.5852587696308,271.29586819299504,311.4541454679639,388.95376053046306,33714300,29963600,43625500
2026-02-26,272.4637756347656,306.783203125,400.0986022949219,275.61811956353745,312.53202939170336,405.8453028142193,270.31758130113775,301.762970472535,397.1306190557743,274.4602128097023,312.0330001798944,403.0765245044552,32345100,36431200,34405900
2026-02-27,263.70941162109375,311.15472412109375,391.15484619140625,272.3240439665745,311.7635251790807,395.2183958601928,262.4217314181026,303.21015662264614,388.30640407164015,272.3240439665745,303.5495233120643,389.30236795593413,72366500,44640600,51367200
2026-03-02,264.2484130859375,305.9248962402344,396.9413757324219,266.05518620599753,307.89107280501906,399.57073485574693,259.73647625260065,300.7150293830805,389.0533591512552,261.94253069595567,302.6413055358027,391.2743390590049,41827900,34790200,35474900
2026-03-03,263.2801818847656,302.9905700683594,402.2996826171875,265.08695529305965,303.34988694776314,405.05852201627056,259.6666350681776,296.1339134078651,391.0851500003899,263.0106738027697,298.01026816236094,391.5532542396072,38568900,35497000,38199200
2026-03-04,262.0523376464844,302.54150390625,403.5645751953125,265.67587606267574,304.8769573413998,409.3710312257941,260.95432154975975,300.1661195993462,398.69429724653685,264.17854815272653,302.30197959238774,399.6504140582061,39803100,29536200,35808000
2026-03-05,259.8263244628906,300.2958679199219,409.0224304199219,261.09405110124777,302.7111526067185,409.9486695143622,256.79173142961054,297.41146402777275,402.7677785996419,260.3254337562426,302.4516780897468,402.78771732924594,49658600,35752300,39001300
2026-03-06,257.0013427734375,297.9404296875,407.30938720703125,258.3090066542827,299.94653713519574,411.38287590243635,253.916851068475,294.60691775969326,406.8612216895844,258.16927189629365,295.5151547022239,407.54843921074234,41120000,25576900,31123900
2026-03-09,259.41705322265625,305.98040771484375,407.757568359375,260.68477987096253,306.4198649966507,408.55432729115563,253.22808575123491,293.71562375842984,401.8714182880504,255.2345148744848,293.99527562141907,403.2857003455267,38218500,29312100,30131900
2026-03-10,260.3653564453125,306.65960693359375,404.122314453125,262.01244158439727,309.1265479913924,408.5443965203919,256.4922936817907,305.1914269440574,401.30371964643086,257.19102845716964,305.79068968096857,408.37506928692744,30590800,23239700,31706400
2026-03-11,260.34539794921875,308.31756591796875,403.245849609375,261.6630538494394,311.0341973481569,407.35918518479474,259.08763272962494,305.54101125974313,399.96912002302975,260.624897946549,306.3699695674413,403.9330670994013,26218900,24125700,25512100
2026-03-12,255.3043975830078,303.17388916015625,400.2380065917969,258.48873275942157,308.5572255769297,404.4808221962511,253.7272102811576,300.65702241451555,400.0886180975,258.1992408199258,306.43985713507476,402.9968458288957,40794000,24928300,27263900
2026-03-13,249.6744384765625,301.9054870605469,393.9534912109375,255.87336762960538,307.3087879643589,403.16615688192843,249.07551643845036,300.0677703977713,392.65875035547907,255.024890934378,306.6296377698095,399.3815063856616,36930000,23693100,26848000
2026-03-16,252.36964416503906,305.1814270019531,398.33575439453125,253.43773019062647,306.11026747244654,399.01300251860397,249.4348789230203,302.64456537566065,393.1965772756644,251.66090222791988,303.97293465389924,396.4633374914087,32074200,23519700,27733700
2026-03-17,253.77711486816406,310.5347900390625,397.7979431152344,254.67552076289968,311.03417054952814,402.7677932271478,251.7307636559193,305.1214918945171,396.1446394015159,252.5093881906664,305.48103123176395,398.6544574759768,32361600,21955200,26228300
2026-03-18,249.49476623535156,307.30877685546875,390.20867919921875,254.48585937367065,312.08285325242963,396.3936061005556,248.55643828829037,306.5497087361953,389.42185925959103,252.1799767808244,308.88680583632095,395.5271224277118,35757900,20009800,25908500
2026-03-19,248.5165252685547,306.7494812011719,387.4498596191406,251.38140795985734,307.67832164750223,390.90585551603124,246.85947863088072,301.9754046785898,385.4977789148814,248.95572868612365,303.63335165234247,388.52551763585893,34864100,25075800,25138800
2026-03-20,247.54823303222656,300.6270751953125,380.3287048339844,248.75606899357115,305.62088043111504,385.43800417098345,245.56177255944445,297.9004465638477,378.58576812261686,247.53824109812177,305.0815409313132,385.2288602760525,88331100,44364100,50853200
2026-03-23,251.04200744628906,301.685791015625,381.4541931152344,254.14646797882926,305.60094814101865,385.64719283721575,249.83415620831627,300.5571860375472,380.1395134056624,253.51758537106093,301.7357168812967,382.3505545919761,40546100,29326900,29680100
2026-03-24,251.1917266845703,290.0801696777344,371.2355651855469,254.37604644028636,299.5484356615691,380.9263046350485,249.10545347620703,289.97029010977093,370.34917314154325,249.90403139868116,298.82932646685043,380.8167328036651,45152300,36864300,42733600
2026-03-25,252.16998291015625,290.5695495605469,369.5424499511719,254.5457480998694,295.6332754793409,375.5381416220395,251.15181088451408,288.8816409209488,368.13813722010167,253.6473574345128,293.07644958925243,375.39872248264555,28476700,29460700,31181200
2026-03-26,252.43951416015625,280.57196044921875,364.4928894042969,256.5421934269488,287.5932492331535,373.2075730440749,250.32329549316128,278.15494535852446,363.7160388213271,251.67088153367666,287.55329025783345,369.32332012922615,41796700,39080600,36836600
2026-03-27,248.35679626464844,274.0001220703125,355.3300476074219,255.03488128462607,279.02388928595167,360.9871459448897,247.6281009352486,273.6106210828978,355.07111764854045,253.4477020992108,276.9364822022131,360.43934753557875,47900000,35890600,37883400
2026-03-30,246.19065856933594,273.1611633300781,357.5111999511719,250.4230956915925,276.74671205405957,363.88536295562653,245.07264337813007,271.772870758184,354.84202394218255,249.62453299565456,276.07755917965534,360.43933630538186,39446200,35141200,44797000
2026-03-31,253.33790588378906,287.2037353515625,368.67596435546875,255.02489784868362,287.72308014338427,371.3949263066763,246.65983587287727,276.74670556560056,361.6046146993887,247.4683905467953,277.6955407888773,363.07862179545566,49598100,43875400,45244400
2026-04-01,255.1746368408203,297.0215759277344,367.8791809082031,255.72364490973627,300.14767254424095,372.48052926345224,252.8787309132899,290.05021252939383,366.7139201659809,253.6273948962928,290.47967248402244,371.98254731341393,40059400,37684500,29417200
2026-04-02,255.464111328125,295.403564453125,371.9526672363281,255.6737439434535,297.71070019384774,372.1319638369453,250.20349485503914,289.0914173614996,362.680245817395,253.74717405681358,290.3298713924274,365.7278929006101,31289400,21666500,24099100
2026-04-06,258.39886474609375,299.6183166503906,371.3750305175781,261.6930045642991,300.2475409865838,372.22160592655575,256.0031460821725,294.8142784540748,368.0086676124431,256.0530752925303,295.50342601468935,371.9825539180967,29329900,16945500,16146600
2026-04-07,253.0484161376953,305.08154296875,370.78741455078125,255.7436185540334,305.2513457589993,370.9467724245638,245.2623079794448,297.3511421656273,365.080530373921,255.70368128016966,302.3549447988444,368.8452727581139,62148000,23205400,21443300
2026-04-08,258.4388122558594,316.9268798828125,372.8191223144531,259.28730423338584,321.68096199730417,383.44606961738685,256.07303883918246,314.6297110626625,369.91092498913014,257.9896321241455,320.0530070056894,383.4261612830284,41032800,33547100,33064800
2026-04-09,260.0259704589844,318.09539794921875,371.5642395019531,260.6548530924392,319.1441153425082,371.9924966612836,255.61386101634736,310.6746106421415,365.5685176937085,258.5386343954405,315.51860784412145,370.9965328148009,28121600,23739200,30435300
2026-04-10,260.0159912109375,316.8469543457031,369.37310791015625,261.7229364827484,321.4312640320202,374.1238749235223,258.5585701252562,315.9281112234418,368.5365019241105,259.5168819122501,319.62350892085055,371.47460743717505,31291500,19152600,28111100
2026-04-13,258.73828125,320.91192626953125,382.8186340332031,259.71651601158027,321.2315371363443,382.98796126737693,256.2027973984465,315.0791651091577,369.5225100750242,259.2673359057164,316.74710955552524,372.10205289266787,36234700,18866400,35745800
2026-04-14,258.3689270019531,332.49755859375,391.5233459472656,261.4634109961452,332.8770926852431,393.09698589720546,256.7318642110386,323.3489033390031,384.95994763093,258.7881922504944,324.38762340838895,386.3543213772784,48370700,27721400,37504500
2026-04-15,265.95538330078125,336.70233154296875,409.5602722167969,266.08515659729386,337.0619013824557,412.69755239260473,257.35074355126085,330.49003638532656,395.1287651714373,257.7001261657452,332.4775916674409,396.3936283702306,49913500,24918800,45063400
2026-04-16,262.9307861328125,335.6036682128906,418.56378173828125,266.68409800240715,339.458901613874,419.12151906860663,260.80457553569033,334.105526677332,410.4765600541581,266.3247234477873,338.33029678032364,418.16537187855886,43323100,20541500,41642400
2026-04-17,269.7486267089844,341.2566833496094,421.0835876464844,271.8149160854778,341.89590508018404,429.83808848207923,266.24486962975914,335.8234205588037,418.99205736838906,266.4844323486072,337.2316773591919,423.10539315661504,61436200,25581900,48568200
2026-04-20,272.5635681152344,337.0019836425781,416.38262939453125,273.7913879220191,340.97703331198585,421.6213787702164,269.80850557942483,336.1929591105031,414.6197538627068,269.84841238867654,340.3378420577138,419.4501847919345,36590200,18784200,27582200
2026-04-21,265.69586181640625,331.8783264160156,422.4480285644531,272.3140256362382,338.9195798085849,425.45582843737157,264.9272139873882,330.9394885663705,415.516128706763,271.0163536236942,337.2716301294484,418.5438369146158,50209800,23123800,32048500
2026-04-22,272.68341064453125,338.8996276855469,431.1726989746094,273.2523721409737,339.3990082413208,431.9495495900464,266.39461467279705,334.7547751685775,421.9600330275293,267.3429346055621,336.60245884112476,424.4698510786937,43249200,20293000,29378200
2026-04-23,272.9429016113281,338.47015380859375,414.0719909667969,275.2787294551341,341.53632713037314,421.9500690544079,271.1660737405759,335.7634893621326,409.7495112929088,274.56001085217736,340.7572947145818,418.19529609754903,33399600,18650300,38308000
2026-04-24,270.5771179199219,343.9732971191406,422.90618896484375,272.5735550213531,344.8422143498026,423.23487407473965,269.16962610782736,334.97448084779876,414.12178001797366,272.2741016414235,338.3103390739037,415.28707116170386,38157100,26426100,27457400
2026-04-27,267.1332702636719,349.90594482421875,423.1053771972656,267.88193422863776,352.74242256668157,425.38611256831246,264.59781690250213,342.3053878156813,415.3866572294081,265.6159889280984,345.55136124882,420.6752229306716,41466800,28576900,30867300
2026-04-28,270.2277526855469,349.3466491699219,427.5174865722656,272.7432830913257,351.9833930501032,428.1847957314844,268.181416710472,345.69117996136276,420.197146128082,271.8548539018017,348.11816206941427,422.8563830057505,40018900,27824100,30438100
2026-04-29,269.688720703125,349.5064697265625,422.746826171875,270.55716597281076,355.3492283904879,425.0973167681131,266.56429174844374,343.78355752060145,418.59367375245296,267.07336249706583,347.1394107424554,422.8663369761165,30047900,35376300,38288300
2026-04-30,270.86663818359375,384.3232421875,406.1341552734375,275.50834883767226,385.3619622201579,412.74737011555624,267.6623648300734,365.3667768501622,396.4035989759817,270.018146234023,373.6065555628184,409.15192465494977,91848200,72040000,70909400
2026-05-01,279.6409912109375,385.2121887207031,412.76727294921875,286.70836594964845,386.2808704617397,415.4264794885345,277.8741246788477,378.5804000830116,408.7834174283456,278.3632420760759,381.1572209075714,411.1338775963461,79915400,30105200,31372400
2026-05-04,276.3368225097656,382.7751770019531,411.9505615234375,280.13007120517506,386.90006506467324,419.0816663151199,274.3703307853319,379.31947226185457,409.14193618030583,279.16179801165765,385.15223320621686,409.87897009526375,46668400,26298600,28066500
2026-05-05,283.67376708984375,387.9487609863281,409.7196044921875,284.0630869835518,392.33333678038815,415.09780308537887,276.00745521106614,383.5442209432822,407.1500007946646,276.43668191704,385.7515048868787,413.6437044066962,49311700,23878600,25700900
2026-05-06,286.99786376953125,397.546875,412.2891845703125,287.5169265187869,399.3546301445318,416.73120520087787,280.5693330033821,392.2734176347804,403.4748984673602,281.4178249779708,393.7615619135972,406.3532485673598,58336100,31308500,30285900
2026-05-07,286.927978515625,397.4969177246094,419.07171630859375,291.6096265406606,399.6043194807176,426.25263786097554,285.2709318587503,392.1934987581594,417.06984955189336,288.75470528792926,399.42454979908837,418.41437649189606,45224300,24433500,34942400
2026-05-08,292.7974853515625,400.3034362792969,413.44451904296875,294.2349225642168,401.5019617899809,416.9403619714099,289.48339230776435,395.86893456144384,412.32904436576047,289.49338424193445,396.5081562950806,415.70537649227293,52692800,21461800,33383800
2026-05-11,292.42779541015625,388.15850830078125,410.99444580078125,293.6267735875138,396.94759333072534,411.02432350049145,289.979924827367,387.9887055115338,403.86334099070683,291.72841688276577,393.16228042470647,406.22377045102496,42247300,30753700,35657900
2026-05-12,294.54595947265625,386.8701171875,406.1241760253906,295.0155556946294,388.0386506028281,413.8229876767416,292.3078994315659,382.2957742925754,404.9987623844293,292.3078994315659,386.8601198229993,412.8071154720842,45748100,26017500,38594200
2026-05-13,298.6124572753906,402.1211853027344,403.57452392578125,300.6607090744109,403.1998643489371,404.6700902960666,293.24708951115105,384.5230197682841,399.41140211310335,293.24708951115105,385.1222825184223,401.57265715241186,52684300,28144600,29667100
2026-05-14,297.9530334472656,400.5731201171875,407.7774658203125,300.1911240450107,402.43080112559403,410.17774231087935,295.12548538387824,395.349588612008,399.2619871856725,299.5616620172475,396.7878070287349,402.8474630718804,35324900,21136700,27077500
2026-05-15,299.9713134765625,396.2884216308594,420.2170715332031,302.93875555297063,399.0450119758119,426.4418454559798,296.26448829773227,392.69287563304505,411.2434277199191,297.643304079477,395.82900006662373,412.5979239362014,54862800,20309700,50771200
2026-05-18,297.5833435058594,396.4482421875,421.83056640625,300.4009207908792,408.10376741205215,423.40417602339767,294.6558756451712,394.04122422601415,413.9325494355234,299.98126929450746,395.1997907850553,414.93848271907115,34483000,26837200,32564100
2026-05-19,298.7123718261719,387.1797180175781,415.7352600097656,300.2510533099592,396.65795076850566,430.9535870211983,296.09463441963413,385.63162007935824,414.808990493047,296.7140952726279,396.4681837278221,428.16486989475214,42243600,39545700,33018700
2026-05-20,301.98956298828125,388.4281921386719,419.36053466796875,302.5390768782648,393.37204141137994,420.3963455784958,297.82314269813475,382.42562803382646,409.63991780241736,297.9230626302997,387.2196997137571,412.49835957243755,38229800,31744400,27864000
2026-05-21,304.7271728515625,387.1797180175781,418.3025207519531,305.27671719779084,392.01371791338363,425.5388979071037,300.1411318265125,382.5454520468608,414.92886694253497,300.80056674721834,385.22215486500835,423.9518891931334,42965100,24852800,31393500
2026-05-22,308.55389404296875,382.49554443359375,417.7835388183594,311.13165741506583,388.258385079403,423.60257118762803,305.57645096183757,381.29701890681014,415.54772693408205,305.85620846339293,386.87012298265273,418.7517174636334,43670200,20442100,22390300
2026-05-26,308.0643005371094,388.398193359375,415.248291015625,311.5513139598484,388.7777274266938,418.9812539216563,307.4048960873393,382.12597532411496,412.24393696715845,309.29325163060713,384.0336125447445,415.6475333356961,48000500,27747400,30398000
2026-05-27,310.5821533203125,388.3482360839844,411.8946228027344,312.9900803339556,393.39199754996946,415.15846763645,308.0343323058515,385.421873594791,408.8104019854481,308.0643052358437,386.1909390913781,410.23773822181624,50430900,23087300,28901500
2026-05-28,312.24072265625,389.64666748046875,426.18768310546875,312.5304508120942,391.38450201712897,428.68298564682067,309.30325358892543,384.68282366229704,411.89461329838434,310.412282475935,387.5193014898567,412.2040283766931,48220400,24357500,47250500
2026-05-29,311.7911071777344,379.8687744140625,449.3940124511719,314.7285763294451,384.7626974671623,449.48383969057267,309.2632884033746,377.9910987617443,431.54760317786213,311.5113496628706,384.7626974671623,431.7372486144539,70026800,44415800,79654400
2026-06-01,306.0460510253906,375.9037170410156,459.6546936035156,310.67206624496237,378.09100632744554,465.4438139523178,304.7571540774977,373.05724175924524,457.40892124774234,309.363197507879,376.05352511273605,463.96658383705716,48849900,28672100,53628900
2026-06-02,314.92840576171875,361.4017028808594,440.48077392578125,315.1781903378333,373.07722234401785,452.64787129328397,306.42572903356995,357.99592394061045,439.6024225764256,307.1950545511415,366.13582064636165,446.0403151791343,44534700,50412300,37036800
2026-06-03,309.9926452636719,358.54522705078125,426.53704833984375,316.6668815001487,365.9960065843375,439.56254639446627,308.5838566628498,357.6363508187865,423.45285793258154,313.9092501546009,361.5814692403301,437.62618910935214,50836700,55441600,39037000
2026-06-04,310.9618225097656,371.7289123535156,427.2456970214844,313.26982953176514,372.7875967270043,435.33048350032107,309.38316692864953,357.76622059782807,425.60879436274143,312.96009909963743,358.4553682250688,434.9911260035114,44869100,44055500,26899500
2026-06-05,307.0751647949219,368.07342529296875,415.8870849609375,314.8984348439246,371.6190149899659,428.66302140752947,306.8853260765596,363.6688852043904,413.6213308264138,312.5903972939029,365.88613605551615,427.5351398188391,65310500,37471200,34782200
2026-06-08,301.2801818847656,363.0766296386719,410.9663391113281,317.1265012321255,365.9647879200631,416.37616844333525,300.9105055796523,360.2984165590168,407.79232157753756,308.4739595974908,364.9454235864071,413.3618539280056,77949100,27942500,32086700
2026-06-09,290.29962158203125,364.0260314941406,402.6520080566406,300.4908444635933,371.84098522768176,411.20591258759293,287.5320194610898,357.0704802123837,397.7312786929967,300.0212482417878,366.85420025674074,408.26144336727174,70108800,29535100,35317300
2026-06-10,291.3287353515625,356.1510925292969,396.61334228515625,294.4960172141002,368.3232616719084,404.2789346443135,287.1323727394638,354.97185779418805,396.41373636313654,290.4894628291428,362.95671584537644,397.80110870103243,52793300,32357100,32576000
2026-06-11,295.375244140625,357.5401611328125,389.6065673828125,296.7440586571729,358.5694982511428,396.1043451719433,289.3404406054596,346.13748714351743,383.278483574852,293.4668864344149,355.70134679025995,394.46741202742857,42572500,35538200,47224100
2026-06-12,290.879150390625,359.4489440917969,390.00579833984375,296.88398158337014,366.33453278338226,391.003919361718,289.3704417369658,354.7119986974298,381.55171206615995,295.7749221682621,362.3870579560934,390.6945042817559,38742100,24704600,34865800
2026-06-15,296.1645812988281,369.1127624511719,399.0088806152344,297.5233947188816,372.7504085202595,400.99513175706005,291.4486474146935,366.3145426692825,392.11186050588947,293.8665449684006,367.69366113705985,396.05442037645633,45732600,27727500,32266400
2026-06-16,298.9821472167969,373.01025390625,393.0899963378906,300.2210994929347,375.7584875251172,396.094350419825,293.71669913987887,366.8242274297617,389.9559121071713,294.99559499590845,369.3626044753487,395.0463355104342,39874400,24876100,31506800
2026-06-17,295.6949768066406,363.55633544921875,378.1980285644531,301.8096980081642,372.0908279957741,389.6364865987809,294.10632015937927,361.78745285393074,376.6110198431126,300.59074812548096,368.8929017493238,389.51671695343225,42745100,24543600,41987800
2026-06-18,297.7532043457031,367.7935791015625,378.6871032714844,300.31099586682666,369.2426598317581,380.6534028700893,295.3652492546472,358.4396065335441,372.5786075934489,297.8530937792582,365.51504497617543,377.11008548581106,85962200,44470100,59714200
2026-06-22,296.75408935546875,349.45538330078125,366.6497802734375,302.1594314563154,358.68946892539066,380.9129385065033,296.5043047694293,341.50050477393233,366.3802985575179,297.05381866220307,357.72009076397745,375.0339909424311,44879900,52814800,45171100
2026-06-23,294.04638671875,345.90765380859375,373.23736572265625,301.3800886038737,349.0656275102868,376.51120135394876,293.9264950024863,339.98147051143604,369.9735210485466,297.2836155142734,340.47114598010614,371.6802994138851,52010900,34007700,40647600
2026-06-24,292.8274230957031,345.0682067871094,364.7733154296875,299.4417438827621,353.25294826847323,378.16811350773463,292.68755959702736,341.7103492701006,364.09460041679364,295.1054570720635,348.8157979233392,370.87185096853153,53081900,44997300,44509900
2026-06-25,274.91290283203125,343.48919677734375,352.1670227050781,288.55113481081804,345.34801779729577,363.5456265920902,273.5141152813601,335.6242572392167,348.54386902384044,287.1523472601469,336.51370015420923,362.0883479855026,107013700,44491400,66179000
2026-06-26,283.53546142578125,337.17327880859375,372.2691955566406,285.70360492137456,346.1374872957393,375.90234020580533,273.9737007161028,329.98789515004995,354.762144454129,274.7630284991681,342.32993723999033,356.4789138154501,261775500,114706300,186201600
2026-06-29,281.4972229003906,353.4228210449219,367.8774719238281,288.12151489662153,354.122383587675,379.7850483907747,279.6088673150861,340.4511784786947,359.2237492715265,286.4829438934296,341.6104064955248,376.790685328561,66427000,34213900,51229900
2026-06-30,289.11065673828125,357.14044189453125,372.319091796875,289.69017405322865,358.3896389689017,373.44697342275583,280.45814550695326,350.1749177879227,366.7595808670141,280.9277417485351,353.64269008629407,370.3328407149792,65100200,35237200,44945700
2026-07-01,294.1263427734375,360.97796630859375,383.5579528808594,296.33442991747245,362.7368455226467,388.09939143880604,288.95081360688545,356.20103798676814,374.18561213385976,293.1871503157195,358.1397942573561,380.1144231011508,50164200,26736400,48065800
2026-07-02,308.3640441894531,359.6788024902344,389.7562561035156,309.15337194761725,363.97602803095486,391.4630649298244,293.4269150966668,353.19298133516355,382.97903650468743,293.866538367699,359.2490860357571,383.7575696594082,75352800,25974800,42128900
2026-07-06,312.3905944824219,366.2245788574219,386.0133056640625,313.9292760509671,367.693635754559,388.418780928489,306.7354678654279,357.15042523629825,380.5036887115837,307.0951430290638,361.31772936423556,386.31276024010407,53590000,26915800,34224500
2026-07-07,310.3923034667969,366.7942199707031,388.109375,315.20815732134815,372.9202869594668,394.8267404517197,309.88273318392555,365.26520405735874,387.4905448392632,315.0183186077797,368.8329180211536,391.75251064257776,42490000,24045600,29297500
2026-07-08,313.1199645996094,361.6875305175781,382.6197204589844,314.5487250421545,367.6037106679975,384.58602015004215,306.7854009831778,357.79001132287857,380.6134873969759,311.6412289475945,364.525702555654,383.3084264217563,41323500,22094800,25908300
2026-07-09,315.947509765625,358.65948486328125,383.6377868652344,316.2572401947346,359.41897594546776,383.92725049460796,307.8944576262147,350.8544734886641,372.64849496928053,310.24243869469103,354.08240970637695,373.74643420118315,48124500,24729100,31083200
2026-07-10,315.0483093261719,356.9505615234375,384.37640380859375,316.6369356310425,357.5901650645865,391.1736053926777,311.9010296470402,352.52341441108456,380.783162110783,314.4488202226986,357.30034280387986,387.07131223677504,34132300,18146100,24644600
2026-07-13,317.03656005859375,352.2835693359375,390.2553405761719,323.171283634363,357.8999543595846,392.91034623109437,315.5078797345754,351.52404777471276,383.4281962321871,316.7468014245228,355.96119810970276,387.02143811329415,43257800,15901700,28914900
2026-07-14,314.58868408203125,359.2790832519531,384.20672607421875,315.91755515351207,359.92865963343,387.46061042423804,311.64124426456783,350.86447830880365,377.93852713765,313.48965629761443,350.97442351070157,382.1007052927433,36336800,18259400,27863900
2026-07-15,327.2178039550781,370.6817626953125,394.8866271972656,328.44675508114506,373.40998963278184,398.2103568181361,317.0465830462295,357.5302120160503,385.6739591427675,317.34631234952286,357.74006858863044,387.07132248997675,60957600,28284600,36253700
2026-07-16,332.97283935546875,354.2322998046875,400.3463439941406,334.3915986652446,375.02892981037553,405.2271399033625,326.50841333986017,352.07368364698067,391.31333055964967,327.72736328456057,372.8203579699616,397.56157784187184,62970600,41158500,37047400
2026-07-17,333.452392578125,346.5472412109375,393.08001708984375,334.7013154010385,348.2961170979314,397.64143734197864,328.71648699084636,341.1407126662452,388.6583483977542,331.693929977533,345.77774679993126,394.1180409920291,63407100,29959300,33049800
2026-07-20,326.3085632324219,351.7638854980469,401.53411865234375,333.4224228207836,359.4489481797366,402.4224305318551,323.4010672140761,350.2948285491913,388.91785418191677,333.2226134619852,350.6546131580819,390.67455694621333,53468000,24736600,27915800
2026-07-21,327.45758056640625,346.927001953125,397.00262451171875,329.3159936819017,351.09433677099497,400.7156358198418,321.94234806189104,346.77710440528256,395.57531880381754,322.85156758462244,351.09433677099497,398.0606303262699,41338900,23369800,24126600
2026-07-22,325.60919189453125,341.8702392578125,389.6065673828125,328.7164973399543,349.7152025525983,400.246541441447,323.0613709608057,341.51048515922605,386.2329133568751,327.58746619388995,347.93634723653764,398.8291961465565,38755900,39334100,28142500
2026-07-23,321.3828430175781,317.4859313964844,380.8630065917969,323.0214140443725,324.2815511558238,391.04385321150613,319.0748358849152,314.69771503877246,376.68090752842744,321.4527900194849,320.92372412122546,389.23725659651495,40840800,69419700,30351800
2026-07-24,332.7330322265625,319.53460693359375,380.9828186035156,334.0818750563203,323.97175736278774,388.29903252889795,321.3428614810286,317.11617848672984,379.9347732203772,321.5127284115298,318.2154780071113,386.32274187573427,47489400,31806600,27659400
2026-07-27,336.61968994140625,326.3502197265625,388.368896484375,339.277401491225,330.2077559724587,393.45931979821836,333.73216560461384,324.2415898017393,387.2609663085435,334.2517370375488,324.83120713377,389.3470355932277,49604300,28471600,27856200
2026-07-28,339.78692626953125,333.4956359863281,392.61090087890625,342.59453283396704,335.66425552638333,399.56780545733704,335.31080637618777,324.2316014627561,390.5647345556998,339.73698155301014,327.68937042492354,392.4212554523594,51859000,29511900,32367500
2026-07-29,337.8985900878906,336.49371337890625,389.8061828613281,344.2730974331505,342.2800028423013,400.4960502148319,337.0593175600121,331.40698648547414,388.00954678983055,339.43727163464206,334.455045685483,392.6607942930367,56090800,27501600,47209000
2026-07-30,333.1426696777344,333.4456787109375,450.2524108886719,334.4615395264105,336.29385412629074,457.8281459885008,329.30598233808786,330.12780397797883,431.6274684759506,332.8129674612056,333.98534038388266,437.07720086969465,74817800,30168000,110160700
2026-07-31,308.6438293457031,355.9012451171875,463.8468017578125,310.4222943774597,358.3496530632621,465.962813447145,299.7415030462749,339.78160132747564,448.4857046349594,304.54735603914753,340.611054758666,449.1544591210436,132489100,46498000,60846000
2026-08-03,303.1585693359375,373.27008056640625,486.73370361328125,311.5313230344714,376.4480305309448,490.7261876465455,302.29929450581176,363.1166033198653,474.10747895013026,309.313234694189,365.2152604560987,475.2353605631651,75052000,38669700,66762100
2026-08-04,309.1134033203125,377.40740966796875,491.884033203125,310.1525156602479,380.2755612380555,498.50158065157444,301.0603512911937,367.263935640354,478.2696778930625,302.46913991298527,367.9834743668337,479.99640781848416,68001000,35705700,50455500
2026-08-05,310.7320251464844,362.1971740722656,486.5440673828125,311.4414048335362,384.2330278418686,497.3038108374591,305.40663118634393,356.54080629618977,484.7674131728324,309.09342362565195,383.0937455186354,495.42733843271316,49438800,46926300,33388900
2026-08-06,312.14080810546875,357.52020263671875,498.9207458496094,316.0174696892129,363.8961093831237,500.61756372489685,308.96355554648414,356.65076635274994,487.60205742358346,314.06913775686996,360.5382517887205,487.6319998350186,46139900,25235900,36441500
2026-08-07,313.05999755859375,354.0723876953125,499.0505065917969,314.53873325457766,358.6694387836589,504.23075699317457,310.47223295908327,353.5527327193329,497.79289485093346,311.1816431226555,356.49084652154687,498.2719734340298,34437200,19859900,28846200
2026-08-10,308.260009765625,357.29034423828125,505.109130859375,308.260009765625,357.38028276908574,512.7647021753171,304.6099853515625,352.4834362714388,501.32624359045303,306.8299865722656,354.951850943437,502.4940586092805,44812500,18991400,31206100
2026-08-11,304.9100036621094,343.5791320800781,502.86334228515625,309.9700012207031,356.5807842683805,504.38047525067043,302.7900085449219,343.1694223006263,498.61133704649393,307.75,355.6613923515014,503.3823542433026,37476700,29081800,23049800
2026-08-12,302.25,343.3193359375,491.5047302246094,305.6600036621094,346.25744987105145,500.557695253814,300.57000732421875,340.66104092628797,490.59643643442394,305.1000061035156,346.0875456512855,499.0505227551261,41657800,25012000,29001500
2026-08-13,305.260009765625,346.13751220703125,495.9463806152344,306.0,347.7065110877775,500.3979918654044,302.04998779296875,343.5392066313974,492.0836571155829,304.2099914550781,345.5478948342235,492.34314786956145,40349300,17866100,23039000
2026-08-14,305.92999267578125,345.67779541015625,494.4691467285156,307.489990234375,350.22489088982945,499.07050046550256,304.29998779296875,344.27870083870846,492.991947114923,306.0,346.5772111705174,495.42733437790497,28229400,17808600,16217600
2026-08-17,305.5899963378906,343.7790222167969,479.44744873046875,307.6600036621094,347.0269344906474,491.73431632358415,302.94000244140625,341.7103446182459,477.51109147171053,306.2099914550781,346.04755304110785,489.21906226283284,38169300,18291300,29635800
2026-08-18,310.0299987792969,343.9789123535156,480.72503662109375,311.489990234375,344.6484648943574,483.36006030134655,305.739990234375,339.97147845233087,476.2534434403709,307.5799865722656,342.19005363605754,480.6352093836093,53424500,19248800,24087600
2026-08-19,316.8299865722656,344.4985656738281,483.3999938964844,319.2799987792969,346.5072842825429,488.3806080919379,309.6000061035156,340.44117610948047,478.4592826108848,310.1400146484375,342.2400076559886,479.16797047398614,50505600,19733800,19961900
2026-08-20,311.29998779296875,340.451171875,481.1499938964844,320.2799987792969,343.6790774504127,484.1600036621094,310.6499938964844,338.3525147854226,479.5,317.4599914550781,342.83962071417653,483.29998779296875,40959200,18570400,20020800
2026-08-21,309.3500061035156,344.5985107421875,483.239990234375,312.3800048828125,345.97762917305914,486.3599853515625,307.010009765625,340.1813365286692,478.5299987792969,312.04998779296875,342.359928876986,479.8800048828125,46876800,20849800,22510800
2026-08-24,310.3399963378906,347.83642578125,487.30999755859375,313.3599853515625,351.3741604480826,490.6099853515625,309.9700012207031,342.2699962782288,481.8599853515625,311.4700012207031,343.39927531721605,483.2099914550781,34673600,26338200,17230800
2026-08-25,309.8999938964844,346.73712158203125,491.7099914550781,313.5899963378906,349.9350782600912,492.44000244140625,308.2099914550781,345.37800981753963,484.29998779296875,310.7900085449219,349.41542326154587,485.44000244140625,25869800,20649700,19519000
2026-08-26,313.45001220703125,341.7803039550781,496.3699951171875,315.42999267578125,346.65717399060424,497.3999938964844,308.79998779296875,339.96146577825954,487.30999755859375,310.29998779296875,346.3973312516375,487.8500061035156,34024500,20420300,20758900
2026-08-27,314.5799865722656,340.4311828613281,505.05999755859375,315.3999938964844,341.4705233735174,506.4800109863281,309.3999938964844,338.3025461528343,490.0799865722656,310.54998779296875,339.45183186724313,494.8800048828125,32419200,23391400,28688800
2026-08-28,319.70001220703125,346.36737060546875,513.530029296875,322.3699951171875,348.91575095848634,517.780029296875,315.45001220703125,340.0514228221321,504.8699951171875,316.8500061035156,340.49114263603377,505.3299865722656,38649400,25347200,29207300
2026-08-31,316.8500061035156,339.13201904296875,507.2900085449219,321.239990234375,344.3686432833908,512.1900024414062,312.79998779296875,336.94342338566804,506.3900146484375,319.6000061035156,343.60912172254496,510.3800048828125,41242700,33493600,27208900
2026-09-01,325.1300048828125,334.8047790527344,501.0199890136719,327.29998779296875,336.9834018439635,505.9700012207031,314.7300109863281,332.8360433203593,496.7799987792969,316.9800109863281,335.7841605001305,497.5199890136719,53167400,23342700,21046900
2026-09-02,324.9599914550781,336.9034423828125,496.82000732421875,328.3999938964844,339.78159726283246,500.2699890136719,323.5299987792969,332.6062167342666,493.80999755859375,326.8699951171875,333.84541044728496,499.8500061035156,33776400,22582300,15336100
2026-09-03,328.2099914550781,342.260009765625,510.1199951171875,330.80999755859375,344.4585782378343,515.6500244140625,324.1099853515625,339.841550898423,500.79998779296875,324.8699951171875,340.34122971001256,501.6600036621094,37225800,20726900,24125900
2026-09-04,319.9700012207031,338.4599914550781,499.70001220703125,328.92999267578125,343.5299987792969,511.0,317.8599853515625,337.0899963378906,499.3599853515625,328.30999755859375,342.4700012207031,510.0,39606900,23189300,18101800
2026-09-08,316.2200012207031,338.3599853515625,493.95001220703125,320.70001220703125,339.67999267578125,495.19000244140625,314.8999938964844,333.2200012207031,490.1499938964844,317.1000061035156,335.4200134277344,493.010009765625,35477100,22915800,18882300
2026-09-09,315.3399963378906,330.6499938964844,491.6499938964844,319.1499938964844,331.8500061035156,494.3900146484375,309.8999938964844,327.8999938964844,489.79998779296875,315.489990234375,331.6499938964844,493.07000732421875,65640000,33151600,12889600
2026-09-10,326.57000732421875,332.6000061035156,492.44000244140625,326.739990234375,333.2300109863281,494.5199890136719,316.510009765625,327.739990234375,486.0,316.6700134277344,328.2300109863281,488.32000732421875,70011900,23557600,16038800
2026-09-11,332.2699890136719,338.5,495.6300048828125,336.2200012207031,342.9800109863281,498.9700012207031,326.29998779296875,335.0299987792969,492.5799865722656,327.45001220703125,335.0299987792969,495.6499938964844,50716900,24708300,14510500
2026-09-14,333.0799865722656,349.3900146484375,505.4100036621094,335.5,349.9100036621094,509.95001220703125,331.3399963378906,342.1400146484375,495.3399963378906,334.7900085449219,343.1199951171875,497.05999755859375,39269100,35905400,23091900
2026-09-15,331.3399963378906,344.9800109863281,497.1199951171875,331.7799987792969,348.07000732421875,505.8999938964844,328.3500061035156,342.70001220703125,495.5400085449219,330.1400146484375,346.79998779296875,500.05999755859375,31748200,21928600,17794600
2026-09-16,332.4100036621094,342.8699951171875,490.29998779296875,335.4800109863281,348.3999938964844,495.9700012207031,330.70001220703125,340.6400146484375,487.2300109863281,332.5299987792969,347.0799865722656,493.0299987792969,35981000,18928900,16670300
2026-09-17,337.0,347.3299865722656,497.75,338.3399963378906,349.5,501.4700012207031,330.17999267578125,343.8900146484375,493.1700134277344,334.7699890136719,348.67999267578125,497.79998779296875,36700200,19238400,17841600
2026-09-18,336.1300048828125,349.5400085449219,493.7799987792969,338.489990234375,359.44000244140625,498.6499938964844,332.5299987792969,348.45001220703125,491.1000061035156,337.9100036621094,357.30999755859375,497.9700012207031,86588200,47631800,39622300
2026-09-21,338.9800109863281,354.9700012207031,501.6099853515625,339.6400146484375,357.6099853515625,501.8699951171875,333.04998779296875,349.1000061035156,491.3299865722656,335.2799987792969,350.6400146484375,494.95001220703125,34999200,30455400,27959900
2026-09-22,339.75,351.1600036621094,498.0,345.3399963378906,364.1700134277344,508.5,338.75,350.2200012207031,493.6499938964844,340.1400146484375,357.6499938964844,507.32000732421875,40711800,29788600,21652800
2026-09-23,337.0199890136719,337.8299865722656,500.5899963378906,341.79998779296875,350.0,509.44000244140625,335.5,337.45001220703125,495.8800048828125,341.0799865722656,349.8599853515625,500.760009765625,31658800,35576200,19445600
2026-09-24,335.9200134277344,342.3599853515625,497.92999267578125,338.9100036621094,343.0899963378906,498.8999938964844,334.29998779296875,336.0199890136719,491.2200012207031,336.7200012207031,336.2200012207031,495.07000732421875,24733100,23777200,16657600
2026-09-25,341.07000732421875,343.9200134277344,516.1699829101562,341.6700134277344,347.0299987792969,519.4000244140625,334.5299987792969,341.1099853515625,497.25,336.0400085449219,342.3500061035156,499.0400085449219,30002500,21880800,38193100
2026-09-28,338.3999938964844,342.75,509.2200012207031,342.989990234375,343.5899963378906,513.3300170898438,338.0400085449219,339.55999755859375,502.2200012207031,340.3699951171875,340.70001220703125,505.4700012207031,32820800,19318300,19626900
2026-09-29,329.3999938964844,340.9200134277344,508.9599914550781,337.0899963378906,342.8399963378906,513.6400146484375,328.70001220703125,338.0199890136719,502.3999938964844,336.9700012207031,341.95001220703125,508.30999755859375,38478000,21066900,21341800
2026-09-30,333.0199890136719,344.0799865722656,512.9000244140625,339.5,352.6000061035156,519.8300170898438,330.1400146484375,340.989990234375,510.30999755859375,330.79998779296875,344.1499938964844,511.6099853515625,49988600,37373700,27223300
2026-10-01,330.32000732421875,338.239990234375,512.7999877929688,332.4800109863281,353.2200012207031,522.8499755859375,325.80999755859375,335.510009765625,512.1699829101562,330.0,350.7900085449219,519.8800048828125,36306300,33269300,19731900
2026-10-02,333.69000244140625,343.5,517.530029296875,334.5400085449219,345.7699890136719,522.5,330.6099853515625,341.1600036621094,513.6599731445312,333.260009765625,341.32000732421875,519.3900146484375,33245500,23738200,17803300
